Λασιθίου	Έβρου	Φωκίδας	Ανατολικής Αττικής	Άνδρου	Κεφαλληνίας	Άρτας	Ημαθίας	Μαγνησίας	Βορείου Τομέα Αθηνών	Γρεβενών	Δράμας	Δυτικού Τομέα Αθηνών	Δυτικής Αττικής	Πέλλας	Ζακύνθου	Θεσπρωτίας	Ηρακλείου	Θάσου	Θεσσαλονίκης	Ιθάκης	Ικαρίας	Ιωαννίνων	Καβάλας	Μεσσηνίας	Καλύμνου	Καρδίτσας	Καρπάθου	Ευρυτανίας	Καστοριάς	Πιερίας	Κύθνου	Κέρκυρας	Κιλκίς	Κοζάνης	Ροδόπης	Κορινθίας	Κεντρικού Τομέα Αθηνών	Κω	Φθιώτιδας	Λάρισας	Λευκάδας	Λήμνου	Βοιωτίας	Αιτωλ/νανίας	Μήλου	Μυκόνου	Λέσβου	Νάξου	Αργολίδας	Νήσων	Νοτίου Τομέα Αθηνών	Ξάνθης	Πάρου	Αχαϊας	Πειραιώς	Χαλκιδικής	Πρέβεζας	Ηλείας	Ρεθύμνης	Ρόδου	Σάμου	Θήρας	Σερρών	Λακωνίας	Σποράδων	Σύρου	Τήνου	Τρικάλων	Αρκαδίας	Φλώρινας	Εύβοιας	Χανίων	Χίου
0	0.0733	12.7022	107.6408	37.7558	4.1993	5.7898	1.1788	6.5955	123.3059	2.8646	0.3216	140.2227	108.8687	0.8674	7.4428	1.8006	3419.195	0.1831	1.2677	4.1045	4.2138	3.0297	0.3006	16.4274	117.5668	8.2174	971.0815	9.5921	1.5033	2.3833	50.5359	1.2487	0.8802	1.6252	0.1232	71.248	136.1172	164.5934	19.2588	5.0802	5.2869	0.0745	38.6016	15.7694	30.0266	21.2106	4.0465	458.7778	41.8706	103.5307	135.6911	0.182	18.7772	21.1197	152.0183	0.7059	5.2845	9.634	1800.0818	207.3609	3.5836	965.0119	0.5702	16.6864	2.3157	29.1827	24.4107	6.498	34.9827	0.7747	70.9124	1024.7453	10.4729
0.0725	0	12.0782	4.1373	0.9717	0.8692	17.4387	185.2727	51.3495	3.4995	77.1131	1075.6575	3.161	2.4552	171.365	1.5405	17.0774	0.13	1416.4003	361.0457	0.8496	0.0815	30.8132	1531.8477	0.3492	0.0624	50.5859	0.0114	18.4098	58.9287	190.1912	1.2997	11.843	281.2836	111.5181	3637.8838	1.4574	3.1059	0.0063	22.4741	86.1296	10.2942	379.2932	9.7539	6.5086	0.5887	0.3827	0.0783	0.1521	0.8901	2.0266	2.9154	2359.2296	0.3388	4.3715	2.9871	408.0203	13.3102	1.7228	0.1121	0.0024	0.0693	0.0368	513.5854	0.3547	18.0288	0.5266	0.4405	48.049	0.7437	58.8247	4.9796	0.1733	0.2027
12.5869	12.0541	0	718.4861	168.7367	447.9804	682.7194	193.7308	1083.9872	607.7168	470.8005	52.8485	548.9418	426.3717	142.5599	793.9873	212.3205	22.5811	30.0952	208.3463	437.8612	14.1602	357.2482	49.3963	179.9866	10.8392	1350.553	1.9778	1576.4928	247.0765	391.696	225.6987	147.2425	144.6705	267.1136	20.2547	751.1151	539.3579	1.0895	3165.2345	834.9484	623.4116	12.2386	3497.8155	1859.474	102.2299	66.4611	13.5978	26.4114	458.756	351.9327	506.2803	29.9187	58.8364	2253.0371	518.7242	116.0124	623.1333	887.9122	19.4683	0.4223	12.0424	6.3875	93.7099	182.8249	380.5889	91.441	76.4886	1067.9598	383.2885	127.3247	864.7612	30.0986	35.1937
106.3519	4.1121	712.1866	0	1425.7288	138.9602	191.5912	66.0903	369.7969	5134.8603	160.6113	18.029	4638.2453	3602.5976	48.6336	246.2891	59.5834	190.7975	10.2668	71.0763	135.8213	119.6456	100.2544	16.8511	543.6018	91.5853	460.7345	16.7116	537.8127	84.2889	133.6239	1907.0254	41.3206	49.3536	91.1245	6.9098	2357.6837	4557.2671	9.2053	1079.8041	284.8385	174.9477	4.1751	2164.2938	521.8282	863.7842	561.5588	114.8937	223.1615	1385.5375	2973.6306	4277.7798	10.2066	497.1342	698.8757	4382.9242	39.5771	174.8696	318.797	164.4964	3.5686	101.7512	53.9708	31.9687	552.1741	129.836	772.6243	646.2849	364.3292	1157.6101	43.4362	3975.9179	254.3161	297.367
35.8293	0.976	169.0335	1432.4219	0	46.7611	64.4711	15.6862	87.7692	1783.672	38.1202	4.279	1562.5961	1212.287	11.5429	82.8772	20.05	64.2791	2.4368	16.8696	45.7044	860.3527	33.736	3.9995	182.9239	235.7356	109.3528	5.6301	127.6468	20.0055	31.7149	865.8299	13.9045	11.7138	21.6279	1.64	793.369	1736.9508	171.2365	256.283	67.6048	58.8705	0.9909	513.683	175.5971	291.0063	2069.7444	38.7073	1516.2401	466.2383	1001.7977	1622.8707	2.4225	1279.5963	235.1742	1551.1633	9.3934	58.8442	107.2763	55.4178	1.2022	34.2794	18.1824	7.5876	185.8086	30.8159	1967.7202	2530.5233	86.4715	389.5436	10.3093	943.6619	85.6783	100.1811
4.1546	0.8669	446.9474	138.1941	46.4454	0	291.4517	27.4219	77.4104	155.4385	68.4983	3.8005	177.1587	215.9352	21.0548	1829.4935	90.6393	7.4536	2.1643	14.983	3738.7904	4.6739	152.5101	3.5523	559.6415	2.9835	96.4456	0.6528	365.9005	36.0269	27.9718	62.1244	62.8576	10.4038	45.6389	1.4566	355.5385	161.9827	0.3596	226.0356	59.6259	2283.463	0.8801	268.4644	793.8138	33.5057	18.2937	4.4884	8.6563	217.151	115.4802	150.9189	2.1516	16.1949	1269.86	168.8425	8.3429	266.0145	1679.9552	6.426	0.1394	3.9749	2.1084	6.739	390.7259	27.1789	25.1695	21.0538	53.5342	445.9973	21.6468	117.0508	9.9349	11.6166
5.7916	17.5486	688.5947	192.6443	64.7455	295.6038	0	555.1301	348.847	216.6811	1386.6831	76.9382	246.9615	301.0164	426.234	523.9194	1834.9067	10.3903	43.8133	303.3158	288.9238	6.5155	3087.3948	71.9124	118.7657	4.1591	1266.1618	0.9101	1711.1388	729.3312	292.2253	86.6014	1272.4926	210.6149	923.9158	29.4873	495.6252	225.8059	0.5013	847.9943	607.711	3032.8011	17.8172	413.6168	2213.4915	46.7073	25.5014	6.2568	12.067	302.7113	160.9809	210.3829	43.5564	22.5757	1486.6721	235.3686	168.8939	3921.4133	585.8911	8.958	0.1943	5.5411	2.9391	136.4253	120.6375	122.4805	35.0862	29.3492	1083.7504	252.9138	438.2191	163.1688	13.8493	16.1937
1.1685	184.1287	194.7198	66.7009	15.6647	27.542	552.5729	0	827.84	56.4176	2443.4455	807.2746	50.9612	39.5823	4106.5536	48.8146	541.1234	2.0963	459.7114	3182.5416	26.9196	1.3146	976.3635	754.5408	11.0656	1.0063	815.5302	0.1836	296.7969	1867.2451	3066.1743	20.9528	375.2646	2209.8776	3533.6193	309.3954	46.1783	50.0714	0.1011	362.3204	1388.555	326.1862	186.947	157.2475	206.2352	9.4905	6.1699	1.2624	2.4519	28.2042	32.6718	47.0007	457.016	5.4621	138.5161	48.1559	1772.1192	421.7549	54.5886	1.8073	0.0392	1.118	0.593	1431.4424	11.24	290.6527	8.489	7.1008	1092.122	23.5645	1863.9486	80.2804	2.7942	3.2672
6.4866	51.697	1080.9228	370.2679	86.9575	77.2789	345.2468	830.8734	0	313.1835	1001.1413	226.6549	282.8942	219.7262	611.4113	136.9668	338.0899	11.637	129.0711	893.5479	75.5325	7.2973	610.0247	211.849	33.1548	5.5859	2188.5257	1.0193	998.3869	563.9538	1679.8914	116.3126	234.4648	620.4574	1145.587	86.8675	143.799	277.9552	0.5614	2011.2836	3580.9303	203.7987	52.4883	872.9078	320.7686	52.6836	34.2501	7.0076	13.611	84.5062	181.3666	260.9088	128.3143	30.321	388.6565	267.3217	497.5499	263.5119	153.1679	10.0328	0.2177	6.206	3.2917	401.8996	33.6777	2195.8773	47.1232	39.418	2010.9588	70.6045	546.0707	445.65	15.5112	18.1369
119.5286	3.5042	606.8917	5142.9643	1770.3188	155.9962	215.0794	56.3196	315.1264	0	136.8666	15.3635	5212.912	4044.2217	41.4436	276.483	66.8881	214.4368	8.7489	60.5684	152.471	134.4682	112.5451	14.3599	610.2391	113.7209	392.6199	18.7822	458.3029	71.8277	113.869	2367.9418	46.3863	42.0568	77.652	5.8882	2646.7253	5550.4896	10.3458	920.158	242.7282	196.3955	3.5578	1844.3264	585.7965	970.8048	697.2841	129.1287	250.8107	1555.3983	3342.0558	5112.6642	8.6977	617.2884	784.5548	4925.9573	33.726	196.3078	357.8801	184.8754	4.0107	114.3579	60.6577	27.2422	619.8623	110.6412	959.3629	802.488	310.4671	1299.528	37.0146	3388.1215	285.8252	334.21
2.8337	76.4254	472.2115	161.7551	37.9882	68.9795	1383.9457	2417.631	991.4211	136.8172	0	335.0715	123.585	70.2426	1856.297	122.2573	1355.257	5.0838	190.8101	1320.9744	67.4208	3.1879	2445.3265	313.1835	27.7141	2.4403	1857.9554	0.4453	676.5341	3176.2893	1272.6739	50.8118	939.8595	917.243	4023.7191	128.4204	115.6559	121.4274	0.2453	925.2333	1748.7061	816.9414	77.5959	381.3381	516.5212	23.0153	14.9625	3.0613	5.9461	70.6381	79.2317	113.9805	189.6932	13.246	346.9202	116.7821	735.5518	1056.2957	136.7198	4.3829	0.0951	2.7111	1.438	594.1417	28.1512	348.0889	20.5862	17.2201	2747.4869	59.0183	1908.4753	194.6865	6.7762	7.9233
0.3185	1076.0357	53.0669	18.178	4.2691	3.819	76.6195	814.0208	225.6108	15.3756	338.8069	0	13.8884	10.7874	752.9154	6.7686	75.0319	0.5713	2686.5226	1586.303	3.7327	0.3583	135.3821	4430.3967	1.5344	0.2742	222.256	0.05	80.8859	258.9113	835.6229	5.7103	52.034	1235.8576	489.9699	1808.0856	6.4031	13.6461	0.0276	98.743	378.4222	45.2288	1097.6973	42.8546	28.5965	2.5865	1.6815	0.344	0.6682	3.9108	8.904	12.8091	2670.7708	1.4886	19.2068	13.124	1792.6924	58.4803	7.5693	0.4926	0.0107	0.3047	0.1616	3291.0466	1.5586	79.2122	2.3135	1.9352	211.1097	3.2675	258.4542	21.8788	0.7615	0.8904
139.5171	3.1724	549.427	4655.9484	1566.7135	178.5255	246.1394	50.9863	285.2854	5243.3082	123.906	13.9086	0	4628.2977	37.5191	316.4133	76.5475	250.2965	7.9204	54.8329	174.4912	156.9565	128.7992	13.0001	698.3713	54.8495	355.4405	21.9231	414.9037	65.0259	103.0861	2095.6036	53.0855	38.0742	70.2987	5.3307	3028.9428	5713.0163	12.0759	833.0231	219.7429	224.7594	3.221	1669.6769	670.3986	1133.1503	617.0891	150.7227	292.7532	1780.0325	3900.9403	5377.9036	7.8741	546.2938	897.8535	5749.9326	30.5323	224.659	409.5659	215.7937	4.6814	133.4818	70.8013	24.6625	709.3843	100.164	849.0261	710.2002	281.0672	1487.2089	33.5095	3067.2814	333.6231	390.0991
108.2406	3.9681	461.4046	3600.3737	1210.0433	218.2264	300.8792	63.7761	356.848	4049.6426	70.714	17.3975	4615.5204	0	46.9306	386.778	93.5711	194.1877	9.9073	68.5875	213.297	121.7705	157.4418	16.2611	853.6847	77.7302	444.6013	17.0086	518.9806	37.1923	128.9449	1618.5289	64.8908	47.6254	47.1151	6.6678	3702.5606	4220.1393	9.3689	1041.9835	274.8645	274.7418	4.0289	2407.6836	819.4832	872.9244	476.6056	116.9353	225.5229	2175.8799	3008.6099	3931.8955	9.8492	421.9273	1097.5305	4398.8588	38.1912	274.6192	500.6461	167.4178	3.6319	103.5583	54.9293	30.8492	867.1387	125.2897	655.741	548.5143	351.5718	1817.9375	22.347	3049.5289	258.835	302.648
0.8578	171.2267	142.9409	48.9641	11.4992	21.2269	425.8737	4109.6758	607.7052	41.4157	1883.189	750.7085	37.4098	29.0568	0	37.6219	417.0495	1.5389	427.4992	2670.7708	20.7472	0.965	752.4935	701.6698	8.5284	0.7387	569.2017	0.1348	207.2605	2283.9186	2250.8336	15.3811	289.2204	2463.8647	2792.0864	287.7186	35.5901	36.7571	0.0742	265.9741	1019.3179	251.3951	173.8476	115.4342	158.9477	6.9669	4.5293	0.9267	1.7999	21.7373	23.9839	34.5025	424.9967	4.0096	106.7558	35.3509	1437.3291	325.0509	42.0724	1.3267	0.0288	0.8207	0.4353	1331.1406	8.6629	213.3659	6.2316	5.2126	841.7179	18.1616	3001.3018	58.9326	2.0512	2.3984
7.4256	1.5493	798.8294	246.9943	83.0119	1844.9047	520.9119	49.0111	138.3556	277.8153	122.427	6.7927	316.6359	385.9412	37.6312	0	161.9996	13.3217	3.8682	26.779	1803.214	8.3537	272.5814	6.349	1000.2477	5.3325	172.3773	1.1668	653.9742	64.3909	49.994	111.035	112.3454	18.5947	81.5704	2.6034	635.4541	289.5118	0.6427	403.9935	106.5693	475.6648	1.573	479.8267	1418.784	59.8847	32.6963	8.022	15.4714	388.1141	206.3979	269.7375	3.8455	28.9452	2269.6216	301.7723	14.9112	475.448	3002.5851	11.4853	0.2492	7.1043	3.7683	12.0447	698.3448	48.5768	44.9854	37.6294	95.6818	797.1313	38.6893	209.2051	17.7567	20.7624
1.797	17.079	213.6519	59.7722	20.0885	91.7177	1840.1262	540.2759	339.5125	67.2302	1349.5782	74.8795	76.6246	93.3971	414.8288	162.5561	0	3.2238	42.641	295.1997	89.645	2.0216	3004.7823	69.9881	36.8494	1.2904	713.2631	0.2824	521.1544	709.8157	284.4059	26.87	4271.2419	204.9793	899.1936	28.6983	153.7788	70.0613	0.1555	355.1941	591.4499	2245.1956	17.3404	128.3326	686.7851	14.4919	7.9124	1.9413	3.744	93.9229	49.9474	65.276	42.391	7.0046	461.2732	73.0284	164.3746	2817.3187	181.7858	2.7794	0.0603	1.7192	0.9119	132.7748	37.4305	119.2032	10.8863	9.1062	1054.7514	78.4722	426.4932	50.6268	4.2971	5.0244
3432.017	0.1312	22.7175	192.5126	67.5252	7.5104	10.3549	2.1082	11.7959	220.5272	5.1232	0.5751	250.7845	194.7087	1.5513	13.3112	3.2203	0	0.3275	2.2672	7.3407	7.5362	5.4185	0.5375	29.3799	211.5514	14.6966	539.2913	17.1553	2.6887	4.2624	90.3822	2.2332	1.5743	2.9067	0.2204	127.4251	243.4418	296.1744	34.4439	9.0859	9.4554	0.1332	69.0379	28.2031	53.7013	37.9345	7.237	825.5311	74.8838	185.1619	242.6798	0.3256	33.5825	37.772	271.8806	1.2624	9.4512	17.2301	3239.1231	115.1592	6.4091	1736.4558	1.0197	29.8432	4.1415	52.1924	43.6579	11.6215	62.5657	1.3855	126.8249	1843.941	18.7305
0.1807	1434.4237	30.1161	10.3161	2.4227	2.1673	43.482	461.9617	128.0355	8.7257	192.275	2682.0599	7.8818	6.1219	427.284	3.8412	42.5811	0.3242	0	900.2364	2.1183	0.2033	76.8301	3819.531	0.8708	0.1556	126.1316	0.0284	45.9032	146.9337	474.2255	3.2406	29.5296	701.3566	278.0608	2410.2926	3.6338	7.7442	0.0156	56.0372	214.7568	25.6676	945.735	24.3205	16.2287	1.4678	0.9543	0.1952	0.3792	2.2194	5.0531	7.2692	3560.3065	0.8448	10.8999	7.448	1017.3637	33.1879	4.2956	0.2795	0.0061	0.1729	0.0917	1280.5813	0.8845	44.9534	1.3129	1.0982	119.806	1.8543	146.6743	12.4163	0.4322	0.5053
1.2474	359.526	207.8737	71.2067	16.7229	14.9596	300.1341	3188.6851	883.755	60.2288	1327.1757	1576.2682	54.4038	42.2563	2660.8939	26.514	293.9152	2.2379	897.6232	0	14.6216	1.4034	530.3191	1473.2873	6.0104	1.0742	870.622	0.196	316.8435	1014.2081	3273.3049	22.3682	203.8278	3967.9561	1919.3117	604.1191	25.0821	53.4539	0.108	386.7964	1482.3425	177.1705	365.029	167.8701	112.0182	10.1317	6.5867	1.3476	2.6175	15.3193	34.8789	50.1757	892.3602	5.8311	75.236	51.409	3497.8155	229.0793	29.6502	1.9294	0.0419	1.1935	0.633	2795.0057	6.1051	310.2872	9.0624	7.5805	826.9597	12.7992	1012.4176	85.7036	2.983	3.4879
4.0651	0.8482	437.3208	135.2175	45.445	3742.8417	285.1743	26.8312	75.7431	152.0905	67.0229	3.7187	173.3429	211.2843	20.6013	1790.0886	88.687	7.293	2.1176	14.6602	0	4.5733	149.2238	3.4758	547.5876	2.9193	94.3683	0.6388	358.0195	35.2509	27.3693	60.7858	61.5037	10.1797	44.6559	1.4252	347.8806	158.4938	0.3519	221.1671	58.3416	260.4012	0.8612	262.6821	776.7161	32.784	17.8995	4.3917	8.4699	212.4738	112.9929	147.6684	2.1052	15.8461	1242.5089	165.2059	8.1632	260.2849	1643.7712	6.2876	0.1364	3.8893	2.063	6.5939	382.3102	26.5935	24.6271	20.6003	52.3812	436.3911	21.1806	114.5297	9.7209	11.3664
4.1876	0.0815	14.1233	119.6832	860.3527	4.7058	6.4881	1.3106	7.3334	137.2077	3.1851	0.3575	155.9088	121.9997	0.9644	8.3405	2.0178	7.5127	0.2036	1.4095	4.5995	0	3.3951	0.3342	18.4087	1206.6684	9.1368	0.658	10.6653	1.6715	2.6499	501.541	1.3993	0.9787	1.8071	0.137	79.8415	151.4647	876.5142	21.4132	5.6486	5.9246	0.0828	42.9198	17.6714	33.4516	1716.7074	957.2417	1828.0341	46.9204	115.341	150.9906	0.2024	1297.394	23.667	169.1572	0.7848	5.9219	10.796	6.5231	277.0667	2936.5462	2.1251	0.634	18.699	2.5748	1632.0855	2098.891	7.225	39.2021	0.8614	78.8458	10.085	2477.5251
2.9976	30.7591	356.4042	99.7092	33.5111	152.9992	3069.6134	973.03	611.4578	112.1513	2430.5732	134.8571	127.8228	155.8007	747.1014	271.1712	3006.01	5.3779	76.7958	531.6508	149.5417	3.3723	0	126.0478	61.471	2.1526	1284.5778	0.471	869.3657	1278.3691	512.2114	44.8233	2084.643	369.1651	1619.4363	51.6852	256.5266	116.8731	0.2595	639.7001	1065.1937	1812.0062	31.2299	214.0806	1145.6631	24.1749	13.1991	3.2384	6.2457	156.6779	83.3208	108.8904	76.3456	11.6849	769.4746	121.8225	296.0365	2342.9027	303.2495	4.6365	0.1006	2.868	1.5212	239.1257	62.4404	214.6834	18.16	15.1906	1899.5939	130.9049	768.1088	134.6036	7.1682	8.3816
0.297	1531.8622	49.4869	16.9517	3.9811	3.5613	71.4507	759.1064	210.3889	14.3382	315.9478	4444.0967	12.9515	10.0595	702.1232	6.3119	69.9695	0.5328	3824.578	1479.2758	3.4808	0.3341	126.2479	0	1.4308	0.2557	207.2605	0.0467	75.4286	241.4426	779.2512	5.325	48.5233	1152.4748	456.9118	2574.0207	5.9711	12.7254	0.0257	92.0808	352.8902	42.1772	1553.3014	39.9636	26.6671	2.412	1.568	0.3208	0.6231	3.6469	8.3033	11.945	3802.1536	1.3882	17.9109	12.2386	1671.7402	54.5347	7.0586	0.4593	0.01	0.2841	0.1507	2104.2616	1.4534	73.8678	2.1574	1.8046	196.8662	3.047	241.0164	20.4026	0.7101	0.8303
16.3561	0.3538	182.4155	544.0461	182.8458	557.233	118.952	11.1919	42.9826	611.9285	27.9566	1.5511	697.4431	850.0995	8.5932	987.6234	36.9932	29.3431	0.8833	6.1151	544.6408	18.4005	62.2443	1.4498	0	11.7456	53.552	2.5701	149.3359	14.7038	15.5315	244.5707	25.6545	4.2462	18.6269	0.5945	1399.2678	637.6977	1.4157	125.5077	33.1076	108.6187	0.3592	339.69	323.9812	131.906	72.0183	17.6697	34.078	1607.6334	454.6257	594.1417	0.8781	63.7561	433.9066	664.7037	3.405	108.5702	2085.4948	25.2982	0.5488	15.6485	8.3003	2.7504	3621.5392	15.0911	99.0869	82.885	42.3471	2863.351	8.8348	460.8045	39.1117	45.7326
117.0475	0.0624	10.8065	91.5766	235.5565	2.9895	4.1217	1.0028	5.6112	114.0325	2.4371	0.2736	54.3883	77.5024	0.738	5.2984	1.2818	209.9856	0.1558	1.0785	2.9219	1204.5495	2.1568	0.2557	11.6946	0	6.9911	294.2617	8.1606	1.279	2.0276	208.8893	0.8889	0.7489	1.3827	0.1048	50.7211	111.1099	4468.439	16.3845	4.3221	3.7637	0.0634	32.8404	11.226	208.7504	664.4007	333.9307	929.8594	29.8072	40.236	115.3914	0.1549	1034.0552	15.035	59.0099	0.6005	3.762	6.8583	110.9918	1412.4766	1386.9071	628.4123	0.4851	11.8789	1.9701	679.7489	574.6622	5.5282	24.9038	0.6591	60.3295	63.1851	864.2684
8.1405	50.4702	1356.5451	464.6818	109.1307	96.9831	1256.9575	811.1491	2171.172	393.0416	2039.6264	221.2764	355.0288	275.7538	625.5651	171.89	777.7055	14.6044	126.0083	872.3441	94.7924	9.158	1403.2348	206.8199	41.6089	7.0102	0	1.2792	1943.4945	1070.3976	1640.0121	145.9695	539.3323	605.734	1355.9911	84.8062	180.4643	348.8304	0.7046	2657.9632	3681.4461	513.9808	51.2427	1095.4888	688.6667	66.1173	42.9834	8.7944	17.0816	106.0543	227.6129	327.4374	125.2694	38.0522	487.7592	335.4856	485.7431	606.1484	192.2238	12.5911	0.2731	7.7883	4.1311	392.3626	42.2651	762.2933	59.139	49.4691	4626.6711	88.6078	643.149	559.2801	19.4663	22.7614
975.6402	0.0115	1.993	16.8893	5.924	0.6589	0.9084	0.185	1.0349	19.347	0.4495	0.0505	22.0013	17.082	0.1361	1.1678	0.2825	536.4809	0.0287	0.1989	0.644	0.6612	0.4754	0.0472	2.5775	292.7226	1.2893	0	1.505	0.2359	0.3739	7.9292	0.1959	0.1381	0.255	0.0193	11.1791	21.3571	409.8111	3.0218	0.7971	0.8295	0.0117	6.0567	2.4743	4.7113	3.328	0.6349	71.9835	6.5696	16.2444	21.2905	0.0286	2.9462	3.3138	23.8521	0.1108	0.8292	1.5116	282.4404	1303.4598	0.5623	151.413	0.0895	2.6182	0.3633	4.5788	3.8301	1.0196	5.4889	0.1216	11.1265	160.7868	1.6432
9.5043	18.4713	1583.7883	542.5235	127.4118	364.6235	1700.6051	296.8702	1000.5518	458.8824	677.8079	80.9835	414.5018	321.9501	207.8876	646.2481	517.1645	17.0508	46.117	319.2637	356.3839	10.6923	870.1838	75.6934	146.4947	8.1846	1944.3809	1.4935	0	355.7141	600.2234	170.4234	358.6493	221.6888	450.6225	31.0377	611.3474	407.2651	0.8226	3103.2444	1347.362	1223.6493	18.754	1279.0008	2186.4476	77.193	50.1843	10.2677	19.9431	373.3905	265.7417	382.2884	45.8466	44.4269	1833.7914	391.6848	177.7741	1223.1031	722.6893	14.7004	0.3189	9.0931	4.8232	143.5983	148.8048	351.2947	69.0464	57.756	1537.5337	311.9661	213.731	652.9747	22.7272	26.5745
1.4768	58.3521	246.0926	84.2977	19.7973	36.1092	724.4559	1845.904	542.6421	71.3022	3203.5022	255.833	64.4062	36.7703	2267.725	63.9988	709.445	2.6494	145.6869	1008.5777	35.2932	1.6614	1280.0705	239.1212	14.5077	1.2717	968.2719	0.2321	352.5718	0	971.6998	26.4805	491.9942	700.3312	3072.1807	98.0503	60.5425	63.2818	0.1278	482.1845	957.1326	427.6495	59.2453	198.734	270.3866	11.9944	7.7977	1.5954	3.0988	36.9774	41.2912	59.4003	144.8327	6.9031	181.6045	60.8609	561.6014	552.9458	71.5696	2.2842	0.0496	1.4129	0.7494	453.6377	14.7365	190.5221	10.7285	8.9743	1431.8505	30.8947	3753.4527	101.4597	3.5314	4.1292
2.3583	190.4371	392.9893	134.6177	31.615	28.0961	288.0851	3060.6739	1670.7559	113.8636	1273.8956	834.9325	102.8514	79.8855	2252.2453	49.7968	282.1159	4.2309	475.4615	3291.5782	27.4612	2.6531	509.0292	780.392	12.0541	2.0309	1645.9276	0.3706	598.9987	973.4923	0	42.2876	195.645	2285.5899	1842.2601	319.9955	52.2808	101.0557	0.2041	731.239	2802.397	170.0579	193.352	317.3616	107.5212	19.1541	12.4522	2.5477	4.9485	30.7238	65.9392	94.8582	472.6738	11.0238	141.3032	97.1897	1832.8335	219.8829	55.687	3.6476	0.0791	2.2563	1.1968	1480.4848	12.2441	586.604	17.1325	14.3311	1563.3831	25.6696	971.7737	162.0242	5.6394	6.594
47.7323	1.3002	225.1868	1908.294	887.693	62.2952	85.8894	20.8973	116.9275	2376.2346	50.7843	5.7006	2081.7141	1615.0116	15.3776	110.4102	26.7109	85.6328	3.2463	22.4739	60.8875	501.541	44.9436	5.3282	243.694	209.0481	145.6814	7.5004	170.053	26.6516	42.251	0	18.5238	15.6052	28.8127	2.1848	1056.9381	2315.3113	151.8509	341.4241	90.0642	78.4282	1.3201	684.3363	233.9308	387.6793	1281.7863	51.566	883.8978	621.1297	1334.61	2404.5521	3.2273	1134.7339	313.3026	1967.1221	12.514	78.3932	142.9151	73.8285	1.6016	45.6675	24.2229	10.1082	247.5346	41.0533	1763.5541	1475.178	115.1986	518.951	13.7343	1257.1605	114.1409	133.4627
1.2614	11.9887	149.9742	41.9574	14.1014	64.3818	1291.6877	379.2499	238.3251	47.1926	947.3536	52.5621	53.7876	65.5606	291.1943	114.1083	4350.4015	2.263	29.9321	207.2191	62.9269	1.4191	2109.2451	49.1286	25.8669	0.9058	500.6794	0.1982	365.8275	498.2594	199.6423	18.8616	0	143.8864	631.1944	20.1451	107.9459	49.18	0.1092	249.3306	415.1757	1576.0286	12.1722	90.0847	482.0929	10.1727	5.5541	1.3627	2.6282	65.9298	35.0612	45.8209	29.7569	4.9169	323.7935	51.2627	115.3848	1977.6527	127.6056	1.951	0.0423	1.2068	0.6401	93.2021	26.2745	83.6754	7.6417	6.3922	740.3891	55.084	299.3795	35.5378	3.0163	3.5269
0.8588	278.5156	143.1108	49.0223	11.5129	10.2989	206.6274	2195.2515	608.4215	41.4645	913.6946	1221.0946	37.4543	29.0911	2448.0227	18.2534	202.3441	1.5407	695.3657	3918.0247	10.0662	0.9661	365.0949	1141.3287	4.1378	0.7396	599.3744	0.1349	218.131	698.2254	2253.508	15.3993	140.324	0	1321.3509	467.9956	17.2678	36.8004	0.0743	266.2876	1020.5193	121.9719	282.7786	115.5702	77.1182	6.9751	4.5346	0.9278	1.8021	10.5465	24.0124	34.5435	691.2886	4.0144	51.7963	35.3926	2391.862	157.7083	20.4127	1.3283	0.0288	0.8217	0.4358	3077.4094	4.2031	213.6174	6.239	5.2188	569.3207	8.8116	1151.2055	59.0021	2.0536	2.4012
1.5961	112.0778	265.9716	91.108	21.3967	45.7456	917.8008	3545.4555	1130.7523	77.0619	4058.4236	491.3823	69.6089	46.5833	2794.3685	81.0782	898.7752	2.8634	279.8257	1937.2087	44.7119	1.7956	1621.684	459.2836	18.3794	1.3745	1226.6755	0.2508	446.663	3101.3876	1866.3761	28.6196	623.2931	1345.1495	0	188.3285	76.7003	68.3936	0.1381	494.8959	1994.4636	541.7767	113.7944	214.7874	342.545	12.9633	8.4276	1.7243	3.3491	46.8455	44.627	64.1991	278.185	7.4608	230.0695	65.7771	1078.6865	700.5109	90.6694	2.4687	0.0536	1.527	0.81	871.317	18.6692	397.0082	11.5951	9.6992	1813.9697	39.1396	2872.9148	109.6555	3.8167	4.4627
0.1222	3644.9755	20.3689	6.9773	1.6386	1.4658	29.4092	312.4495	86.5973	5.9016	130.0459	1814.0214	5.3309	4.1406	288.9952	2.598	28.7999	0.2193	2388.6602	608.8783	1.4327	0.1375	51.9644	2583.3542	0.5889	0.1053	85.3096	0.0192	31.0468	99.3792	320.7412	2.1918	19.9725	474.3652	188.0675	0	2.4577	5.2378	0.0106	37.901	145.2516	17.3604	639.6454	16.4491	10.9763	0.9928	0.6454	0.1321	0.2565	1.5011	3.4177	4.9166	3978.6761	0.5714	7.3722	5.0374	688.0978	22.4468	2.9054	0.1891	0.0041	0.1169	0.062	866.126	0.5982	30.4044	0.888	0.7428	81.0313	1.2542	99.2037	8.3978	0.2923	0.3418
70.6213	1.464	754.8133	2349.0539	789.4819	356.9972	492.2092	46.3106	185.5863	2642.153	115.6812	6.4184	3011.355	3670.5156	35.5577	632.7313	153.0733	126.6961	3.655	25.3035	348.9332	79.4481	257.5595	5.9991	1391.6981	50.7144	231.2242	11.0971	617.9397	60.8429	67.0611	1055.9947	106.1551	17.5701	77.0758	2.4599	0	2753.4182	6.1126	541.9105	142.9491	449.451	1.4864	1466.6958	1340.5951	569.5317	310.9571	76.2934	147.1404	3547.2074	1962.9406	2565.3544	3.6336	275.2827	1795.4535	2870.0233	14.0896	449.2504	816.1735	109.2302	2.3696	67.5663	35.8381	11.381	1413.6445	65.1595	427.8323	357.8733	182.8423	2963.6752	36.5575	1989.6378	168.8746	197.4619
135.0814	3.1208	540.5018	4580.3144	1720.152	163.7994	225.836	50.1581	280.651	5570.8806	121.8932	13.6827	5694.7553	4246.5213	36.9096	290.3132	70.2333	242.3388	7.7918	53.9421	160.0979	151.9663	118.1749	12.7889	640.7644	110.5739	349.6665	21.2261	408.1637	63.9696	101.4115	2302.3921	48.7066	37.4561	69.1567	5.2441	2779.093	0	11.692	819.491	216.1733	206.2196	3.1686	1642.5536	615.0991	1099.6491	677.9818	145.9307	284.0953	1633.2022	3785.5744	5738.0368	7.7461	600.2063	823.7919	5600.3306	30.0363	206.1275	375.7819	208.933	4.5326	129.238	68.5503	24.2621	650.869	98.5368	932.8057	780.2808	276.5014	1364.5328	32.9651	3017.4546	323.0162	377.6967
163.6641	0.0063	1.0861	9.2041	171.8182	0.3591	0.4951	0.1008	0.564	10.5436	0.2449	0.0275	11.9901	9.3091	0.0742	0.6364	0.154	293.6166	0.0157	0.1084	0.351	878.6151	0.2591	0.0257	1.4047	4487.0283	0.7027	411.4574	0.8202	0.1285	0.2038	152.3667	0.1068	0.0753	0.139	0.0105	6.0922	11.639	0	1.6468	0.4344	0.4521	0.0064	3.3007	1.3484	226.5881	484.6277	243.5737	678.2523	3.5803	8.8527	11.6026	0.0156	754.2542	1.8059	12.9987	0.0604	0.4519	0.8238	155.1965	1975.0242	1011.6388	878.6902	0.0488	1.4268	0.198	495.8182	419.1666	0.5556	2.9913	0.0662	6.0635	88.3498	630.4094
19.0373	22.5415	3172.369	1086.6886	255.2092	226.8035	842.67	362.286	2027.109	919.162	925.5322	98.8284	830.2579	644.8743	266.5939	401.9798	352.9036	34.1532	56.2789	389.614	221.6782	21.4169	636.7534	92.3726	97.3061	16.394	2655.0106	2.9914	3099.1787	485.72	732.4836	341.3625	244.7357	270.5382	499.5106	37.8769	422.0315	815.7704	1.6478	0	1561.3942	606.3327	22.8865	2561.8961	941.4144	154.6211	100.5205	20.5665	39.9465	248.0148	532.2876	765.7337	55.9489	88.9883	1140.6675	784.5548	216.9469	606.0621	449.5322	29.4453	0.6388	18.2137	9.6609	175.2404	98.8406	711.7131	138.3018	115.6867	2099.4694	207.2172	238.1034	1307.9253	45.5237	53.2295
5.0184	86.4674	836.2582	286.4586	67.2749	59.787	589.6938	1389.7031	3555.3042	242.2951	1743.6465	379.0986	218.8617	169.9933	1022.635	105.9646	577.4752	9.003	215.8819	1494.5313	58.4359	5.6456	1041.9538	354.3347	25.6506	4.3216	3658.1229	0.7886	1331.2923	982.2152	2809.7546	89.9855	400.4742	1037.7653	1995.2216	145.293	111.2504	215.0406	0.4344	1556.0486	0	348.0988	87.7909	675.3269	248.1633	40.7588	26.4979	5.4214	10.5302	65.3784	140.3147	201.8526	214.6161	23.4579	300.6849	206.814	832.1926	450.0877	118.4998	7.762	0.1684	4.8013	2.5467	672.2097	26.0551	1248.2588	36.4573	30.4958	3434.8221	54.6239	951.0688	344.7781	12.0002	14.0316
5.242	10.3057	623.2517	174.362	58.601	2284.5045	3050.7749	326.0096	204.8664	196.1195	814.3534	45.1833	223.5244	272.4494	250.3132	474.1985	2241.2105	9.4043	25.7301	178.1291	261.5043	5.8972	1813.1427	42.2318	107.4946	3.7644	514.8311	0.8237	1225.7203	428.3122	171.6159	78.3828	1554.2609	123.6872	542.5854	17.3171	448.5894	204.3765	0.4537	607.4339	356.8921	0	10.4635	374.3637	2003.4268	42.2747	23.0812	5.663	10.9218	273.9834	145.7035	190.4172	25.5793	20.4335	1345.5968	213.0317	99.1867	4915.6728	530.2939	8.1079	0.1759	5.0152	2.6602	80.1181	109.1898	71.9288	31.7565	26.5639	636.451	228.914	257.3516	147.6852	12.5351	14.6569
0.0731	379.6717	12.1829	4.1732	0.9801	0.8767	17.59	186.8796	51.7943	3.5298	77.7819	1094.0743	3.1884	2.4765	172.8513	1.5539	17.2255	0.1312	947.9208	364.1735	0.8569	0.0822	31.0805	1551.9002	0.3523	0.063	51.0246	0.0115	18.5693	59.4398	191.8389	1.3109	11.9458	283.7231	112.4853	637.9704	1.47	3.1328	0.0063	22.669	86.8758	10.3834	0	9.8384	6.5651	0.5938	0.386	0.079	0.1534	0.8978	2.0441	2.9407	942.3629	0.3417	4.4094	3.0129	411.559	13.4257	1.7377	0.1131	0.0025	0.0699	0.0371	518.0397	0.3578	18.185	0.5311	0.4443	48.4657	0.7501	59.3349	5.0228	0.1748	0.2044
38.1014	9.6764	3494.129	2174.9086	510.7779	268.2375	408.7924	155.5182	870.1755	1839.6018	377.9372	42.4244	1661.6858	2413.4775	114.4416	475.4163	127.1313	68.3546	24.159	167.2509	262.1785	42.8635	213.9098	39.6531	335.011	32.8111	1084.1623	5.9871	1265.5365	198.3436	314.4356	683.206	88.1645	116.1348	214.4266	16.2595	1452.9938	1632.6748	3.2979	2540.9058	670.2648	373.2806	9.8246	0	1113.3986	309.4571	201.1826	41.1615	79.9493	853.8875	1065.3252	1532.5464	24.0174	178.102	1349.0527	1570.2151	93.1295	373.114	531.6559	58.9315	1.2785	36.4531	19.3353	75.226	340.294	305.5194	276.7984	231.5364	857.3176	713.419	102.2104	2617.6936	91.1106	106.5339
15.6725	6.6195	1863.382	521.3079	175.2038	799.923	2225.6158	209.4019	322.734	586.3532	523.079	29.0221	668.2938	814.57	160.7822	1417.76	692.1495	28.1167	16.5269	114.4155	781.8465	17.6315	1164.6145	27.1262	321.3847	11.2547	695.8085	2.4627	2220.9058	275.1127	110.232	234.349	479.9999	79.4465	348.5124	11.1231	1341.1938	611.0455	1.3565	942.3808	248.588	2032.2959	6.7209	1119.2739	0	126.3931	69.0084	16.9312	32.6538	819.1563	435.6248	569.3099	16.4302	61.0914	4023.0311	636.9228	63.7095	2031.3887	1585.4593	24.2409	0.5259	14.9945	7.9534	51.4613	326.4528	113.3122	94.9456	79.4209	408.804	684.4013	165.3016	441.5454	37.4771	43.8212
29.6883	0.5854	101.3894	859.1929	301.9473	33.4071	46.0596	9.4088	52.6456	986.1139	22.8652	2.5667	1119.2632	866.0849	6.9236	59.2098	14.3242	53.2618	1.4616	10.1187	32.6522	33.3992	24.102	2.399	130.6849	208.1227	65.5918	4.6651	76.5649	11.9997	19.0233	404.1509	9.9337	7.0262	12.9728	0.9837	566.8005	1088.5692	226.3579	153.7247	40.5506	42.0588	0.5944	308.1194	125.4505	0	172.9958	32.073	1309.9024	333.0911	838.3821	1085.1618	1.4531	1129.7108	168.0137	1221.257	5.6343	42.04	76.6413	45.9194	0.9962	28.404	1327.1379	4.5512	132.7458	18.4839	238.0174	199.0987	51.8677	278.2987	6.1837	566.0257	70.9933	83.0103
14.0551	0.3829	66.3085	561.911	2069.6854	18.3433	25.2908	6.1534	34.4301	699.6995	14.9538	1.6786	612.9758	475.5518	4.5281	32.5111	7.8652	25.2152	0.9559	6.6176	17.9289	1716.6421	13.234	1.5689	71.7575	664.8869	42.8969	2.2086	50.0733	7.8478	12.4411	1281.7376	5.4545	4.5951	8.4841	0.6433	311.2231	681.7666	482.9685	100.5348	26.52	23.0937	0.3887	201.5078	68.8826	114.155	0	27.8366	4009.9053	182.8961	392.9856	708.0378	0.9503	3609.0718	92.2542	579.2333	3.6848	23.0834	42.0824	21.7393	0.4716	886.3784	7.1326	2.9764	72.8884	12.0885	4170.9158	5049.1435	33.9211	152.8089	4.0442	370.18	33.6096	72.0457
4.0251	0.0784	13.5751	115.0379	40.3822	4.5232	6.2363	1.2598	7.0488	131.8822	3.0614	0.3437	149.8589	117.2645	0.927	8.0168	1.9394	7.2212	0.1957	1.3548	4.421	958.1424	3.2633	0.3212	17.6942	334.8297	8.7821	0.6325	10.2513	1.6066	2.547	54.0514	1.345	0.9407	1.7369	0.1317	76.7426	145.5859	243.2176	20.5823	5.4293	5.6946	0.0796	41.2539	16.9855	32.1536	27.8636	0	8.3069	45.0997	110.8642	145.1302	0.1945	24.6669	22.7484	162.5932	0.7544	5.6921	10.3769	6.2699	76.882	814.8409	2.0426	0.6094	17.9733	2.4748	38.3363	32.0675	6.9445	37.6806	0.8279	75.7855	9.6936	2381.3645
459.9823	0.1527	26.439	224.0495	1524.6466	8.7115	12.011	2.4535	13.7284	257.1464	5.9626	0.6693	291.8673	225.8467	1.8055	15.44	3.7353	825.2174	0.3811	2.6386	8.5146	1838.2392	6.285	0.6256	34.0784	935.7257	17.1042	72.2795	19.9658	3.1292	4.9607	888.7984	2.5904	1.8322	3.3829	0.2565	147.8031	283.866	679.7101	40.0864	10.5744	10.9676	0.155	80.3475	32.7134	1322.1545	4032.2907	8.3636	0	86.8601	218.6227	282.9775	0.3789	4357.3503	43.8129	318.464	1.4692	10.9627	19.9856	436.1839	214.8568	881.4744	2469.5826	1.1868	34.6158	4.82	2892.2482	3719.5182	13.5254	72.5712	1.6125	147.6024	248.3095	21.6464
41.8333	0.9049	466.5573	1391.4865	467.6623	220.6655	304.2393	28.625	109.935	1565.1218	71.5036	3.9673	1783.8245	2174.2682	21.9785	391.0973	94.6161	75.0504	2.2592	15.6403	215.6789	47.0623	159.2	3.7081	1603.7436	30.0415	136.9694	6.5735	381.9545	37.6076	39.7244	625.5295	65.6155	10.8603	47.6413	1.5205	3578.8898	1631.016	3.6209	321.0064	84.6782	277.81	0.9187	868.8208	828.6426	337.3712	184.1987	45.1936	87.161	0	1162.7794	1519.6144	2.246	163.0681	1109.787	1700.0882	8.7089	277.686	940.5294	64.7043	1.4037	40.0236	21.2293	7.0347	1629.0339	38.5983	253.431	211.992	108.3096	3415.2344	22.5966	1178.5939	100.0356	116.9686
102.0387	2.0147	348.9199	2956.8134	1039.1069	114.8206	158.3072	32.3795	181.1737	3393.5977	78.6879	8.8329	3851.8156	2976.7397	23.8269	203.5047	49.2323	183.0613	5.03	34.8222	112.2259	114.7933	82.8386	8.2558	449.165	96.2799	225.7266	16.034	263.4893	41.2955	65.466	1390.839	34.1422	24.1797	44.6444	3.3853	1948.0973	3746.1855	8.8321	529.0259	139.5503	144.5564	2.0455	1060.3474	431.1741	835.7181	590.344	110.2352	215.9106	1144.8363	0	3734.4596	5.0005	522.617	577.4642	4202.8154	19.3899	144.4919	263.4168	157.8252	3.4238	97.6246	51.782	15.6623	456.2482	63.6103	812.2287	679.4196	178.495	956.5145	21.2806	1947.9122	244.0044	285.307
135.2163	2.8995	502.1656	4255.4867	1631.9149	152.3942	210.1133	46.601	260.7477	5130.3256	113.2487	12.7123	5258.223	3950.8417	34.2921	270.0991	65.3436	242.583	7.2392	50.1167	148.9505	152.118	109.9465	11.8819	596.1489	113.948	324.8688	21.2475	379.2175	59.433	94.2196	2372.6705	45.3153	34.7994	64.2522	4.8722	2585.5885	5737.3282	11.7038	761.3742	200.8427	191.8608	2.9439	1526.0667	572.2706	1100.7466	698.6766	146.0777	284.3816	1519.4845	3789.3884	0	7.1968	618.5212	766.4396	5605.973	27.9062	191.7751	349.6167	209.1415	4.5371	129.3682	68.6188	22.5412	605.5499	91.5488	961.2787	804.0906	256.8924	1269.5222	30.6273	2803.4621	323.3416	378.0736
0.1808	2345.33	30.1295	10.3208	2.4238	2.1683	43.5018	462.1724	128.0927	8.7296	192.3627	2683.2577	7.8854	6.1246	427.4789	3.8429	42.6001	0.3244	3533.25	900.6385	2.1193	0.2034	76.8644	3821.2368	0.8711	0.1557	126.1891	0.0284	45.9237	147.0007	474.4373	3.2421	29.5431	701.6765	278.1877	3940.9079	3.6354	7.7477	0.0156	56.0623	214.8528	25.6791	946.1574	24.3313	16.2361	1.4685	0.9547	0.1953	0.3794	2.2204	5.0554	7.2725	0	0.8452	10.9048	7.4513	1017.818	33.2031	4.2975	0.2797	0.0061	0.173	0.0918	1281.1532	0.8849	44.9735	1.3135	1.0987	119.8607	1.8551	146.7398	12.4219	0.4324	0.5055
12.4403	0.3389	58.6902	497.3514	1279.3046	16.2359	22.385	5.4464	30.4744	619.309	13.2357	1.4857	542.5544	420.9184	4.0078	28.7761	6.9616	22.3184	0.8461	5.8573	15.869	1297.1352	11.7136	1.3887	63.5131	1034.6054	37.9684	1.9548	44.3203	6.9461	11.0118	1134.4752	4.8278	4.0672	7.5094	0.5694	275.4658	603.4366	751.5362	88.9849	23.4731	20.4406	0.3441	178.3577	60.9691	1133.721	3608.3862	24.6384	4332.3371	161.8827	347.8344	626.6893	0.8411	0	81.6549	512.6885	3.2615	20.4315	37.2478	19.2416	237.5611	622.0036	2000.9731	2.6345	64.5146	10.6996	3691.7077	3120.9834	30.0238	135.2535	3.5795	327.649	29.7484	63.7682
20.9232	4.3656	2250.8764	695.9605	233.9041	1284.7243	1467.7831	138.0996	389.8472	782.8052	344.9648	19.1399	892.1907	1087.4735	106.0341	2277.0076	456.4693	37.5369	10.8994	75.4558	1255.6924	23.5385	768.0577	17.8896	429.0616	15.0254	485.7154	3.2878	1842.7152	181.4355	140.8689	312.8654	316.5577	52.3946	229.8423	7.3355	1790.5478	815.7704	1.811	1138.3401	300.2824	1340.2895	4.4324	1352.0164	3997.7337	168.7383	92.129	22.6039	43.5941	1093.5963	581.5712	760.0517	10.8355	81.5595	0	850.3095	42.0157	1339.6912	2546.367	32.3622	0.7021	20.0181	10.618	33.9385	435.8277	136.8757	126.7562	106.0291	269.6043	913.7033	109.0156	589.481	50.0334	58.5026
150.8888	2.9917	518.1234	4390.6757	1543.0209	169.7899	234.0976	48.0819	269.0338	5039.272	116.8464	13.1163	5719.6959	4401.8268	35.3818	300.9307	72.8025	270.7002	7.4692	51.7088	165.953	169.7496	122.4968	12.2595	664.1987	59.3208	335.1893	23.7102	391.2645	61.3217	97.2137	2065.3251	50.488	35.9053	66.294	5.0269	2880.7311	5562.8949	13.0603	785.5691	207.2251	213.7615	3.0374	1574.562	637.5948	1237.5729	608.1672	163.0092	319.7311	1692.9323	4240.1923	5545.4825	7.4254	538.4006	853.928	0	28.7927	213.6661	389.5251	233.3825	5.063	144.3615	76.5722	23.2576	674.6729	94.458	836.7588	699.9322	265.0559	1414.4371	31.6006	2892.523	360.8193	421.8952
0.6977	410.0448	116.2585	39.8241	9.3526	8.3665	167.8573	1783.35	494.2616	33.6844	742.2484	1797.7576	30.4266	23.6326	1442.171	14.8285	164.3777	1.2516	1023.7528	3482.795	8.1774	0.7849	296.5911	1680.3223	3.3614	0.6008	486.912	0.1096	177.2025	567.2153	1830.6757	12.5099	113.9946	2431.243	1073.4118	689.007	14.0278	29.8954	0.0604	216.3233	829.0363	99.086	416.3211	93.8854	62.6483	5.6664	3.6838	0.7537	1.4639	8.5676	19.5067	28.0617	1017.7503	3.2611	42.0776	28.7517	0	128.117	16.5826	1.0791	0.0234	0.6675	0.354	1743.8619	3.4144	173.5357	5.0683	4.2396	462.4974	7.1583	566.2139	47.9314	1.6683	1.9507
5.2318	13.3307	622.045	174.0244	58.4876	267.0324	3946.2278	421.7028	265.0006	195.7398	1053.3896	58.4459	223.0916	271.9219	323.7873	473.2803	2812.7992	9.3861	33.2827	230.4129	260.998	5.8858	2345.3523	54.628	107.2865	3.7571	556.725	0.8221	1223.3471	554.0342	221.9901	78.231	1950.6529	159.993	701.8498	22.3999	447.7208	203.9808	0.4528	606.2579	461.6458	4922.4021	13.5348	373.6389	1999.548	42.1929	23.0366	5.6521	10.9007	273.4529	145.4214	190.0485	33.0875	20.3939	1342.9916	212.6192	128.2997	0	529.2672	8.0922	0.1756	5.0055	2.655	103.635	108.9784	93.0419	31.695	26.5125	823.2677	228.4708	332.8918	147.3979	12.5108	14.6285
9.554	1.7212	887.4316	317.79	106.8045	1683.1662	578.6888	54.4472	153.7013	357.4418	136.0073	7.5461	407.3928	496.563	41.8055	2983.1943	179.9678	17.14	4.2972	29.7495	1645.1304	10.7481	302.8148	7.0532	2098.7315	6.8609	191.4984	1.5013	726.5098	71.5329	55.5391	142.8595	124.8074	20.6573	90.6177	2.8921	817.3451	372.4942	0.8269	448.8068	118.3895	528.4232	1.7475	533.0517	1576.1484	77.0494	42.0676	10.3213	19.9058	939.0563	265.5575	347.0521	4.2721	37.2414	2521.3567	388.269	16.5653	528.1873	0	14.7771	0.3206	9.1407	4.8483	13.3806	1465.2753	53.9647	57.879	48.4151	106.2943	1672.5504	42.9806	269.1667	22.8461	26.7135
1797.6893	0.1118	19.3685	164.1327	57.6649	6.4536	8.8978	1.7974	10.0571	188.3267	4.368	0.4903	214.164	167.3113	1.3226	11.4381	2.7672	3225.0909	0.2792	1.933	6.3078	6.5113	4.656	0.4583	25.2459	111.336	12.5301	282.4806	14.6263	2.2923	3.6341	77.1842	1.919	1.3422	2.4782	0.1879	109.4952	207.8935	155.8702	29.3662	7.7465	8.1249	0.1135	58.8605	24.2347	45.8784	32.4081	6.2528	434.4594	64.3469	158.1869	207.2428	0.2776	28.6901	32.4571	232.1795	1.0763	8.1213	14.8055	0	60.3198	5.5375	913.8596	0.8694	25.644	3.531	44.5889	37.2977	9.9084	53.7615	1.1813	108.1286	3566.5015	16.1833
209.1673	0.0025	0.4273	3.6209	1.27	0.1413	0.1948	0.0397	0.2219	4.1478	0.0964	0.0108	4.7169	3.6622	0.0292	0.2504	0.0606	115.016	0.0062	0.0426	0.1381	274.3063	0.1019	0.0101	0.5526	1400.8639	0.2764	1308.6586	0.3227	0.0506	0.0802	1.6999	0.042	0.0296	0.0547	0.0041	2.3967	4.5788	1961.2071	0.6478	0.1709	0.1778	0.0025	1.2985	0.5305	1.01	0.7135	76.0444	211.7525	1.4085	3.4826	4.5644	0.0061	235.4827	0.7104	5.1136	0.0237	0.1778	0.3241	60.5523	0	315.8367	32.4614	0.0192	0.5613	0.0779	0.9817	0.8211	0.2186	1.1768	0.0261	2.3854	34.4711	196.8176
3.5464	0.0691	11.9606	101.3566	35.58	3.9853	5.4947	1.1099	6.2105	116.1988	2.6974	0.3028	132.0364	103.3195	0.8168	7.0634	1.7088	6.3624	0.1724	1.1937	3.8952	2924.2415	2.8752	0.283	15.59	1380.2431	7.7377	0.5573	9.0322	1.4156	2.2441	47.6232	1.185	0.8289	1.5304	0.116	67.6164	128.2717	1002.5975	18.1345	4.7837	5.0174	0.0701	36.348	14.9656	28.3296	882.6978	810.6715	872.5761	39.7361	97.6803	127.8714	0.1714	619.2796	20.0432	143.2563	0.6647	5.0151	9.1428	5.5243	316.9218	0	1.7997	0.5369	15.8359	2.1805	33.777	1079.2093	6.1187	33.1996	0.7295	66.7725	8.5408	2098.1734
971.9768	0.0372	6.4504	54.6623	19.1732	2.1325	2.9402	0.5986	3.3493	62.6168	1.4547	0.1633	71.2081	55.2858	0.4405	3.7796	0.9144	1743.7625	0.093	0.6438	2.0843	2.1398	1.5385	0.1526	8.3422	635.756	4.173	152.7334	4.8711	0.7634	1.2103	25.6632	0.6341	0.447	0.8253	0.0626	36.1813	69.1232	890.0658	9.78	2.5799	2.6848	0.0378	19.6025	8.008	1345.6863	10.7712	2.0549	2480.8931	21.2626	52.5751	68.9068	0.0924	2021.7625	10.725	77.1974	0.3585	2.6836	4.8923	921.6978	32.6141	1.8198	0	0.2895	8.4737	1.176	14.8196	12.3963	3.2998	17.765	0.3934	36.0108	524.7014	5.3184
0.5668	511.4091	94.449	32.3533	7.5982	6.797	136.3682	1448.8036	401.5409	27.3654	603.0125	3282.0858	24.7188	19.1993	1340.0476	12.0467	133.5414	1.0168	1276.8398	2823.2936	6.6434	0.6376	240.9523	2095.7032	2.7308	0.4881	395.5738	0.0891	143.9603	460.8089	1487.2513	10.1631	92.6098	3078.0819	872.0541	859.3398	11.3963	24.2872	0.0491	175.7422	673.5138	80.498	519.2419	76.2731	50.8963	4.6034	2.9927	0.6123	1.1893	6.9604	15.8475	22.7977	1269.3534	2.6494	34.1841	23.3581	1746.7137	104.084	13.4718	0.8766	0.019	0.5423	0.2876	0	2.7739	140.9814	4.1175	3.4443	375.7355	5.8154	459.9954	38.9397	1.3553	1.5848
16.602	0.3591	185.1566	552.2266	185.5951	389.4844	120.7395	11.36	43.6285	621.1297	28.377	1.5744	707.9234	862.882	8.7224	690.3108	37.5491	29.7843	0.8966	6.207	380.683	18.677	63.1803	1.4716	3611.061	11.9222	54.3573	2.6088	151.5813	14.9248	15.765	248.2482	26.04	4.31	18.9068	0.6034	1420.3078	647.2864	1.437	127.3949	33.6051	110.2519	0.3646	344.7977	328.8527	133.8882	73.1012	17.9354	34.5905	1631.7909	461.4572	603.0755	0.8913	64.7147	440.4269	674.6921	3.4562	110.2027	1457.6807	25.6784	0.5571	15.8838	8.425	2.7918	0	15.318	100.5768	84.1305	42.9834	3659.8261	8.9676	467.7334	39.6998	46.4198
2.2667	18.0648	377.7146	129.3854	30.3862	27.0041	120.6421	290.338	2199.0713	109.438	349.836	79.2016	98.8537	76.7805	213.6498	47.8613	118.1412	4.0664	45.1022	312.2388	26.3939	2.55	213.1653	74.0279	11.5856	1.9519	764.7522	0.3562	348.8735	197.0664	587.0165	40.6439	81.9307	216.8109	400.3107	30.355	50.2487	97.1279	0.1962	702.8239	1251.3102	71.2155	18.3414	305.0264	112.0885	18.4096	11.9684	2.4487	4.7562	29.5296	63.3762	91.1712	44.8378	10.5953	135.811	93.4121	173.8624	92.0808	53.5225	3.5058	0.0761	2.1686	1.1503	140.4387	11.7682	0	16.4667	13.7741	702.7104	24.6718	190.8174	155.7267	5.4202	6.3377
19.3441	0.5269	91.2605	773.3586	1968.2811	25.2461	34.8077	8.4689	47.3862	962.9971	20.5809	2.3103	843.6472	654.5087	6.232	44.7455	10.8249	34.704	1.3156	9.1078	24.6756	1632.5507	18.2141	2.1593	98.7599	680.4596	59.0391	3.0397	68.916	10.8009	17.1227	1764.0568	7.507	6.3242	11.6768	0.8854	428.3366	938.3161	494.2851	138.3675	36.4996	31.7843	0.535	277.338	94.8041	157.1131	4172.2632	38.3115	2877.121	251.7201	540.8665	974.4731	1.3079	3693.6371	126.9696	797.207	5.0715	31.7701	57.918	29.9199	0.6491	33.9288	9.8166	4.0965	100.3173	16.6374	0	4801.8062	46.6856	210.313	5.566	509.4791	46.2574	99.1566
16.2461	0.4425	76.645	649.5039	2541.4611	21.2029	29.2332	7.1126	39.7973	808.7715	17.2849	1.9403	708.5357	549.688	5.234	37.5794	9.0913	29.1461	1.1049	7.6492	20.7238	2107.9431	15.2971	1.8135	82.9433	577.5794	49.5839	2.5529	57.879	9.0712	14.3806	1481.5401	6.3048	5.3114	9.8067	0.7436	359.7378	788.0432	419.549	116.2077	30.6541	26.6939	0.4493	232.9218	79.6211	131.9512	5071.1121	32.1759	3714.9627	211.4087	454.2501	818.4096	1.0984	3135.1582	106.6352	669.533	4.2593	26.682	48.6428	25.1281	0.5451	1088.4244	8.2445	3.4404	84.2513	13.9729	4821.1411	0	39.2092	176.631	4.6746	427.8852	38.8492	83.2773
6.4825	48.0211	1080.2453	370.0359	86.903	53.5541	1074.4524	1102.2848	2024.9341	312.9872	2759.4935	210.5389	282.7169	219.5906	846.3525	94.9177	1052.1894	11.6298	119.8948	830.0213	52.3439	7.2928	1898.4934	196.7858	33.1344	5.5824	4250.3555	1.0186	1547.66	1448.1844	1560.4452	116.2397	729.6846	576.3461	1834.5581	80.6917	143.7089	277.781	0.5611	2116.6119	3527.5484	634.2539	48.7566	872.3606	401.0148	52.6506	34.2289	7.0032	13.6025	84.4532	181.2529	260.7453	119.1919	30.302	269.3381	267.1542	462.1768	820.0829	106.145	10.0266	0.2175	6.2021	3.2897	373.3267	33.6569	710.9563	47.0941	39.3933	0	70.561	870.1424	445.3707	15.5014	18.1255
34.7222	0.7511	387.2486	1154.9628	388.1657	448.5808	252.5225	23.7591	91.2475	1299.0713	59.3489	3.2929	1480.5974	1804.6707	18.2425	795.0515	78.5326	62.2928	1.8752	12.9818	438.4439	39.0623	132.1393	3.0778	2862.6983	24.9348	113.6864	5.4561	317.0271	31.2148	32.9717	519.2025	54.4617	9.0142	39.5429	1.262	2970.5248	1353.7772	3.0054	266.442	70.284	230.5881	0.7626	721.1325	687.7841	280.0225	152.8887	37.5113	72.3448	3412.8343	965.1219	1261.3116	1.8642	135.3486	921.1376	1411.0952	7.2286	230.4851	1678.8544	53.7054	1.1651	33.2204	17.6206	5.8389	3655.5174	32.0371	210.353	175.9561	89.8983	0	18.7554	978.2482	83.0308	97.0854
0.7704	58.5153	128.3838	43.9776	10.3282	21.9546	440.4771	1851.0668	545.8114	37.1976	1947.7457	256.5485	33.6	22.3566	2993.3858	38.9116	431.3462	1.3822	146.0944	1011.3986	21.4584	0.8667	778.2894	239.79	8.8208	0.6634	588.7142	0.1211	214.3655	3774.6933	974.4176	13.8146	299.135	1160.1533	2887.8005	98.3246	36.8105	33.0134	0.0667	238.885	962.7227	260.0131	59.411	103.6774	164.3965	6.2574	4.068	0.8323	1.6166	22.4824	21.5414	30.9888	145.2378	3.6013	110.4165	31.7505	563.1722	336.1938	43.5147	1.1916	0.0259	0.7371	0.391	454.9065	8.9599	191.6349	5.5969	4.6818	870.5724	18.7841	0	52.9304	1.8423	2.1541
70.6367	5.0291	870.9943	4032.0992	946.9397	92.2954	127.2509	80.8275	452.2565	3410.5008	196.4253	22.049	3080.627	2392.7711	59.4782	163.5817	39.5741	126.7249	12.5562	86.9253	90.2097	79.4662	66.5875	20.6087	361.0491	60.8291	563.4719	11.0996	657.7375	103.0842	163.4201	1266.607	27.4443	60.3588	111.444	8.4506	1565.9249	3026.8717	6.114	1320.5854	348.3536	116.1977	5.1061	2646.9013	346.5875	573.7131	372.9758	76.3108	148.2193	920.2454	1975.0242	2841.2132	12.4826	330.1863	464.1788	2911.0756	48.4022	116.1448	211.7384	109.2551	2.3702	67.5811	35.8463	39.0972	366.7427	158.7877	513.1611	429.2491	445.5696	768.8681	53.1219	0	168.9131	197.505
1011.908	0.1735	30.056	254.7005	89.4851	10.0147	13.8076	2.7892	15.6065	292.2447	6.7783	0.7609	332.3388	259.633	2.0525	17.7498	4.2941	1815.4006	0.4333	2.9996	9.7884	10.1043	7.2252	0.7112	39.1764	62.6703	19.4441	159.0081	22.6972	3.5572	5.6393	119.7742	2.9779	2.0828	3.8457	0.2916	169.9142	322.6083	87.7392	45.5704	12.021	12.6082	0.1762	91.3394	37.6073	71.1939	50.2907	9.703	244.5568	99.8533	245.4738	321.5985	0.4307	44.5212	50.3668	360.2953	1.6703	12.6025	22.9751	3578.2778	33.954	8.5931	514.4107	1.3492	39.7942	5.4795	69.1928	57.879	15.3757	83.4277	1.8331	167.7936	0	25.1131
10.4397	0.2033	35.2091	298.3687	104.7386	11.7316	16.175	3.2674	18.2822	342.0604	7.9403	0.8913	388.6823	304.1468	2.4044	20.7928	5.0303	18.7293	0.5076	3.5139	11.4666	2485.0919	8.4639	0.8331	45.8932	868.4412	22.7778	1.6405	26.5884	4.1671	6.6062	140.1907	3.4885	2.4399	4.505	0.3416	199.0458	377.5998	630.8287	53.3834	14.082	14.7698	0.2064	106.9995	44.055	83.3953	72.2685	2386.4147	21.5454	116.973	287.5437	376.4179	0.5046	63.9781	59.0021	421.7109	1.9566	14.7632	26.9142	16.2622	199.4054	2113.4372	5.2979	1.5805	46.6169	6.4188	99.4311	83.1729	18.0119	97.7304	2.1474	196.5616	25.142	0
