Λασιθίου	Έβρου	Φωκίδας	Ανατολικής Αττικής	Άνδρου	Κεφαλληνίας	Άρτας	Ημαθίας	Μαγνησίας	Βορείου Τομέα Αθηνών	Γρεβενών	Δράμας	Δυτικού Τομέα Αθηνών	Δυτικής Αττικής	Πέλλας	Ζακύνθου	Θεσπρωτίας	Ηρακλείου	Θάσου	Θεσσαλονίκης	Ιθάκης	Ικαρίας	Ιωαννίνων	Καβάλας	Μεσσηνίας	Καλύμνου	Καρδίτσας	Καρπάθου	Ευρυτανίας	Καστοριάς	Πιερίας	Κύθνου	Κέρκυρας	Κιλκίς	Κοζάνης	Ροδόπης	Κορινθίας	Κεντρικού Τομέα Αθηνών	Κω	Φθιώτιδας	Λάρισας	Λευκάδας	Λήμνου	Βοιωτίας	Αιτωλ/νανίας	Μήλου	Μυκόνου	Λέσβου	Νάξου	Αργολίδας	Νήσων	Νοτίου Τομέα Αθηνών	Ξάνθης	Πάρου	Αχαΐας	Πειραιώς	Χαλκιδικής	Πρέβεζας	Ηλείας	Ρεθύμνης	Ρόδου	Σάμου	Θήρας	Σερρών	Λακωνίας	Σποράδων	Σύρου	Τήνου	Τρικάλων	Αρκαδίας	Φλώρινας	Εύβοιας	Χανίων	Χίου
0	32.1889	94.9941	202.2164	134.194	70.815	76.7425	53.1625	79.3704	214.889	64.6388	41.3099	228.0585	203.2293	49.9245	81.9356	58.2039	6021.4121	37.4092	53.9784	70.4205	70.8744	65.4898	40.8092	102.4695	210.306	84.1347	813.4733	87.7595	55.9695	61.9627	149.0513	53.8076	50.0725	56.9184	34.9989	170.113	224.9048	246.3169	107.5614	74.2395	74.9892	32.2661	135.2403	101.2212	124.0772	110.8473	70.1766	444.8505	139.1904	198.7993	224.5761	37.3716	106.7243	110.6978	236.9874	47.9182	74.9807	87.865	1666.2448	276.9426	68.1474	808.6135	45.9692	102.9537	61.5599	122.9016	115.9183	79.0631	130.6862	48.8082	169.7927	857.1038	89.9276
32.129	0	93.6296	70.5578	51.0859	49.9453	104.3376	261.3098	149.9384	67.7617	175.6225	899.6444	66.1462	62.3836	251.2704	56.2644	103.6769	35.3111	1217.9381	380.3566	49.7162	32.7333	125.1588	1341.3752	41.9347	31.3867	149.106	24.5297	106.0783	157.9391	264.8214	54.2624	93.1051	327.4308	205.4026	7292.1	55.5982	65.8727	22.6674	112.8927	183.8033	89.4962	392.3854	88.1658	79.0966	46.2529	42.6453	32.5234	36.248	50.1851	59.7445	64.9039	2575.4113	41.7037	71.5167	65.273	411.3178	96.2887	57.6442	34.4585	20.1301	31.9066	28.9642	481.3315	42.0548	105.4013	45.274	43.7729	146.3014	48.4141	157.8323	73.8679	37.0595	38.0683
94.7447	93.5759	0	622.6129	249.3532	437.7021	597.2371	267.3371	906.7152	545.0874	452.823	151.5576	505.0898	423.4233	229.8427	677.3988	280.4083	113.0632	124.172	277.6323	431.0114	98.0454	377.8518	147.7985	257.5139	90.7989	1151.3727	59.4222	1391.5734	304.3369	400.5584	289.6876	233.3946	231.4473	317.9076	109.2583	646.078	498.6295	52.3002	4866.8541	707.8761	555.8897	93.9838	6444.1753	1746.4202	197.7088	165.4883	96.8897	118.9209	444.8361	374.3444	476.4468	123.9278	157.8443	2372.5957	484.7723	209.0534	555.6977	748.14	107.9221	43.4312	93.55	78.7113	190.4503	259.5549	393.2393	188.4807	175.0434	893.1383	395.0183	218.0613	730.4176	124.1768	130.9575
201.1494	70.4527	618.1179	0	1227.5865	227.0914	265.8175	165.1248	386.1266	42733.289	243.3818	105.4016	20744.9498	7066.031	146.9532	303.8008	158.6099	265.2529	89.4298	169.9491	224.6766	211.9736	196.0441	103.2595	501.4882	188.6065	446.1471	103.0006	497.5893	182.159	222.977	1813.0265	138.5357	147.7513	188.2047	80.3434	2572.3376	18768.8116	86.7715	903.1603	329.8118	253.8731	70.7148	2215.2458	486.8525	729.6739	513.6195	208.1487	287.9351	1186.407	4166.225	13635.1946	89.2834	470.3417	608.6564	15311.5705	136.4342	253.8165	352.4285	246.2457	68.079	197.3064	152.7574	126.724	507.2723	220.0291	661.7203	571.7341	382.5219	970.6281	141.0334	10001.4446	309.2559	338.1808
131.7702	51.1324	249.5701	1234.5433	0	144.8535	163.5281	101.0613	185.2576	1644.661	134.6461	71.142	1375.7943	1019.8192	92.4274	180.8893	108.9132	163.3378	62.2765	103.2936	143.6526	727.0647	129.0674	69.9777	259.626	296.5904	203.6276	76.1961	218.3143	108.8378	126.3825	731.2314	97.5231	92.8145	111.5296	57.03	676.943	1584.5064	251.1768	310.5892	166.6045	157.8794	51.2913	481.3968	254.3436	333.936	2058.6506	135.3704	1324.1603	449.796	838.2988	1445.2692	62.1931	1082.5287	296.2055	1362.9176	87.2548	157.8524	201.9151	154.2891	53.3818	129.7763	105.6752	82.3565	261.6933	125.1624	1901.3316	2940.356	184.1073	399.1401	89.533	791.6365	183.4013	195.9821
70.6298	49.918	437.0188	226.5033	144.496	0	334.2336	120.3948	175.8976	239.5429	167.4715	69.1177	255.4734	282.9251	110.5909	1705.5398	187.7808	81.9671	60.6287	99.6921	7990.6531	72.7094	237.3557	68.0045	512.3215	65.2551	192.8039	47.1905	383.5579	132.0215	121.1859	161.1859	161.9214	89.7613	143.5777	55.5921	376.7238	244.3946	42.1601	289.9201	158.6533	2429.0231	50.0711	318.8178	677.2709	128.7653	105.8727	71.9834	85.3275	283.7699	208.6234	236.1629	60.5488	102.0317	1073.3054	249.4306	84.4794	317.1666	1513.6294	78.8343	35.7227	69.8728	60.2743	79.8181	399.9192	120.0428	117.0708	110.5892	152.2919	436.3903	111.5603	209.8908	88.6162	92.5947
76.7487	104.5371	601.3817	266.5659	163.7998	337.0049	0	509.2698	372.3075	283.4435	1187.5669	175.4605	304.2587	340.6126	423.3324	488.2549	1712.8588	89.7286	141.473	342.1436	332.5445	79.1185	4566.9229	170.7453	211.2688	70.6481	1069.8158	50.4107	1552.0743	630.3777	334.7501	184.2227	1075.7941	279.2181	776.0947	123.3278	469.3355	289.7616	44.8528	717.7019	545.0834	4369.3501	105.0219	415.008	2301.178	144.7927	117.5696	78.2904	93.6046	341.7412	243.655	279.0561	141.1737	113.0547	1292.009	296.3388	249.4681	9486.212	530.1541	86.1273	37.7935	75.8874	65.0267	225.1423	212.7661	214.2338	130.8194	123.1349	906.5137	308.3047	431.2479	245.2689	97.4096	102.0293
53.0658	260.4902	268.0383	165.7229	101.0201	120.5683	507.5417	0	702.5468	155.3378	2748.6165	687.2244	149.5157	136.4406	11393.9488	147.1543	499.8184	60.1972	445.4691	4936.6397	119.6655	54.3932	817.7147	648.5599	91.3291	51.4526	693.3583	37.4267	337.8006	1757.1555	4488.9245	110.4225	389.7305	2294.7572	6648.7479	346.187	144.1927	148.5422	33.8854	381.1972	1189.4637	357.3256	262.5073	240.8889	276.1539	87.5022	78.0079	53.9308	62.3644	121.5179	127.6634	145.1241	443.6834	75.6111	226.7506	146.4209	1629.6094	420.3764	153.4134	58.2518	29.2411	52.5804	46.3179	1233.5235	91.7335	333.6998	84.8769	80.9222	913.6513	114.6116	1752.5945	178.5335	64.2666	66.6643
79.0268	150.3155	904.1102	386.4371	184.5388	175.7759	369.9302	704.8189	0	348.7035	837.7642	290.3473	328.5099	285.5569	547.6253	225.5595	365.2015	92.641	219.4308	752.4838	174.1535	81.5079	546.6724	280.0794	128.3033	76.0434	2257.1754	51.5882	835.5228	515.242	1513.5515	209.2957	295.7189	553.8522	960.0125	184.459	230.7855	325.1986	45.8331	1967.097	6931.539	274.4441	151.1702	736.6318	353.7359	151.3804	129.7382	80.6408	96.9171	182.3538	258.5071	313.7195	218.838	124.4836	398.5556	318.0479	470.619	315.4779	237.8479	88.8577	38.543	78.1254	66.7824	407.283	128.991	2270.047	145.2623	136.2404	1966.5991	169.4983	503.1528	436.1606	100.7237	105.5941
211.8799	67.7834	544.5211	43329.5778	1627.2743	239.9582	282.3299	155.2354	349.9933	0	225.4824	100.4372	49016.3132	10699.8152	138.6825	324.2105	165.9058	281.8827	85.5747	159.6136	237.3264	223.6309	206.2408	98.4497	546.8198	207.1975	401.1673	106.7331	444.5359	170.6649	207.3178	2592.8024	144.4289	139.4112	176.1208	77.0749	3218.3902	100727.9019	89.6213	773.1541	301.373	269.2249	68.03	1725.66	530.0896	813.2515	607.5283	219.4759	306.8766	1367.6765	5638.9849	41159.5291	85.4381	551.6688	670.4584	30691.9263	129.0544	269.1629	378.2686	261.0253	70.0253	207.7146	159.7043	120.1347	553.442	204.6851	804.1039	683.6782	346.8992	1101.5755	133.2684	5863.6946	330.4721	362.6359
64.4763	174.9847	453.7597	244.2267	134.4826	167.9367	1184.7968	2694.2956	829.8685	225.4444	0	363.2057	215.1103	169.1517	1742.048	214.0564	1156.0405	74.2524	265.262	1122.3216	166.4254	66.2783	2752.6183	348.7035	120.8162	62.2968	1744.3291	43.8623	592.8837	4911.2943	1075.9657	149.3528	788.6319	770.8767	10483.67	218.9212	208.7654	213.396	39.3586	777.127	1599.4637	694.4092	176.069	393.733	483.2967	113.751	99.6517	65.6496	77.2687	169.5304	177.5744	207.4083	264.4667	96.1535	371.0354	209.6743	634.8468	883.3306	225.3693	71.5627	33.5487	63.8193	55.4399	535.7875	121.4423	371.807	109.8137	103.9388	3482.3666	158.0312	1815.0923	268.0147	79.9331	83.3145
41.2374	899.9648	151.7918	105.6672	71.1014	69.1985	175.165	692.2352	289.627	100.4608	365.6754	0	97.4901	90.6765	647.3819	79.9096	173.6859	45.9868	3319.9655	1402.7976	68.818	42.1311	224.3374	16160.3579	56.2156	40.1451	287.3088	30.3372	179.0852	312.3686	708.3827	76.4715	150.6802	1041.5019	465.5672	1676.8601	78.761	96.9899	27.7632	194.7633	391.8114	143.1082	918.4227	140.3522	122.0754	63.1314	57.3403	41.8203	47.4056	69.5976	85.9854	95.224	3279.3545	55.8512	107.4714	95.8957	1656.4957	157.478	82.3036	44.7036	24.3193	40.9095	36.6215	5402.142	56.4053	177.5565	61.5467	59.1358	279.5635	66.6655	312.0593	111.9365	48.642	50.1887
227.5183	66.2021	505.4173	21215.06	1380.4547	256.4605	303.6988	149.5432	330.1109	51829.4447	215.3646	97.5315	0	20487.1147	133.8993	350.8473	175.0981	306.5272	83.3065	153.6719	253.5422	240.6726	219.2179	95.6324	608.2988	153.6895	376.6592	112.0081	415.8567	164.077	198.4271	2100.404	151.8118	134.5892	169.2054	75.1457	4355.7642	160018.2526	93.6245	706.431	285.5684	289.0392	66.4399	1501.1307	588.5751	949.1062	551.5315	236.0155	335.1026	1639.9066	9301.5805	67618.538	83.1755	503.3032	755.8103	180771.4239	124.7741	288.9699	412.3368	282.8267	72.7383	222.8668	169.6865	116.3026	616.1219	195.9676	718.4816	616.7028	327.2857	1292.5874	128.7704	4492.9554	362.2478	399.5062
202.7117	69.8439	446.5912	7052.078	1017.7705	284.5166	340.5212	162.838	377.5877	10757.9381	169.603	104.2627	20162.4107	0	145.0451	397.3177	190.3303	267.6612	88.5478	167.5578	281.0889	213.6692	241.0333	102.1566	722.0063	176.193	435.467	103.5503	484.944	133.491	219.332	1440.1735	163.9435	145.8271	145.2532	79.5967	7730.5168	12819.917	87.1921	871.3792	323.1234	323.041	70.1025	2673.6583	696.3035	736.6445	456.678	209.7977	289.5663	2235.1991	4284.9641	9582.5794	88.4036	420.4901	918.2797	15589.5715	134.734	322.9586	472.6846	248.3886	68.3669	198.8223	153.7739	125.208	732.2287	216.4586	578.321	504.8013	374.1062	1690.0063	112.6897	4428.8197	312.317	341.699
49.8125	251.1697	230.1329	147.3202	92.328	110.8741	423.0946	11430.2574	545.0795	138.6492	1779.3629	645.7837	133.763	122.7249	0	134.0274	417.2721	56.2514	424.1676	3279.3545	110.0818	51.0144	647.0763	610.6384	84.9836	48.3496	518.8008	35.5226	276.8723	2429.878	2368.5597	100.4716	332.7427	2792.3819	3606.6751	331.7387	131.4652	132.9447	32.251	317.1393	852.6358	307.2736	253.0752	208.5861	242.1505	80.5175	72.145	50.5959	58.1991	111.7073	115.262	130.0659	422.5158	70.0207	201.4842	131.1591	1239.6622	356.5737	139.4296	54.4993	27.9383	49.3726	43.6767	1132.2486	85.3451	281.1369	78.2088	74.7219	712.9674	105.638	4259.8402	157.9432	59.9056	62.052
81.8852	56.3332	680.9728	304.281	181.0108	1726.4485	486.2383	147.3723	226.6274	325.1047	214.1913	79.984	350.995	396.7663	134.039	0	244.4071	96.3129	69.4131	119.4603	1670.392	84.5091	321.5888	78.5877	837.0366	75.1522	252.0071	53.05	577.0886	163.4487	148.457	205.0075	206.078	106.4043	179.7071	63.2258	564.2163	332.9375	47.0471	408.6632	201.3297	456.0529	56.518	458.8185	1220.3983	158.9177	127.696	83.5919	100.6468	398.1981	276.2679	319.6752	69.3145	122.5679	2403.1906	341.116	99.5505	455.9089	4264.2399	92.2961	39.4679	80.9327	68.9758	93.5551	608.28	146.89	142.8286	134.0368	192.149	679.7186	135.3482	278.233	104.9131	110.107
58.1783	103.6799	281.3361	158.8028	108.9783	188.7218	1719.9417	499.2476	366.1418	166.2397	1150.4071	173.5433	175.1697	190.1797	415.8073	244.8175	0	66.4538	140.101	336.7354	186.9099	59.7117	4271.7846	168.9076	133.0608	54.181	618.8853	40.355	486.4008	616.4291	329.5222	119.5932	13539.291	275.273	756.8471	122.2194	238.3045	168.9778	36.3853	376.4966	533.948	2358.2636	104.1586	218.8523	600.1042	98.7152	83.2838	59.1771	68.8684	190.6344	148.4059	164.3237	139.8063	80.6319	446.5041	171.8027	246.1561	3679.1649	258.8085	64.1874	31.2188	57.6183	50.4314	222.3182	133.7887	211.6194	90.9096	86.5144	882.0367	176.8768	423.5035	149.1507	71.2153	74.0338
6087.9932	35.3623	113.28	266.4723	166.5271	82.1328	89.6432	60.2731	92.9993	286.1119	74.397	46.0452	306.8588	268.0305	56.3489	96.2908	66.4366	0	41.4471	61.2662	81.636	82.2077	75.4574	45.4526	123.1778	279.8718	99.1247	498.5846	103.82	63.6968	71.074	187.5559	61.058	56.5278	64.8589	38.6277	218.1402	301.8599	337.3855	129.9899	86.4616	87.413	35.4517	167.993	121.5164	152.4702	134.416	81.329	700.8195	173.5473	261.2304	301.3399	41.4029	128.8662	134.2141	321.1174	53.9314	87.4023	103.957	5173.1671	208.3637	78.7802	1583.8792	51.5931	123.8231	70.5753	150.8513	141.2921	92.6057	161.629	55.0025	217.6683	1725.1346	106.6426
37.3252	1236.6296	124.2009	89.5494	62.1946	60.6477	141.0869	446.9604	218.6193	85.513	266.3035	3308.405	83.1973	77.8506	424.0256	69.2958	140.0304	41.3718	0	757.6543	60.3378	38.0895	175.3603	8611.599	49.9632	36.389	217.1225	27.8837	143.8795	233.1613	455.097	66.5354	123.3868	610.4161	325.2695	2679.0553	68.3752	82.8065	25.6198	154.9398	282.1054	117.8182	793.2771	115.78	102.0954	55.6836	50.8982	37.8239	42.5733	60.9725	74.1396	81.4247	6806.4674	49.6599	90.9417	81.9507	851.0302	128.347	71.2095	40.2822	22.5681	37.0443	33.3544	1083.4648	50.1211	142.7918	54.3788	52.3871	212.1019	58.5812	232.9652	94.3736	43.6177	44.9208
53.7962	379.3543	277.3016	170.0736	103.0216	99.6461	340.0249	4961.6939	744.9433	159.2683	1128.3698	1391.3172	153.2174	139.6472	3254.1638	119.0718	335.8783	61.0869	755.6322	0	98.975	55.1523	492.5508	1277.6499	77.4827	52.1485	734.8858	37.8498	351.1327	848.441	5322.57	112.7236	274.4645	9923.953	1830.5986	542.6189	116.939	152.2061	34.2476	397.3298	1287.3512	255.4819	382.9833	248.7196	205.811	89.1003	79.3429	54.6798	63.3048	100.3512	130.5524	148.6566	751.5674	76.8823	173.8767	150.0031	6444.1753	292.0179	123.5549	59.0969	29.5287	53.3004	46.9083	3614.9805	77.7955	346.7797	86.4005	82.3361	701.888	95.2029	846.9737	183.4238	65.2522	67.7081
70.2555	49.7	430.6543	224.2103	143.356	8020.4265	330.0365	119.5366	174.3499	237.0415	166.0375	68.7558	252.7088	279.6854	109.8388	1653.0722	186.0675	81.4952	60.3336	99.0522	0	72.3178	234.8887	67.6516	504.176	64.9241	191.0189	46.9907	378.3606	131.0309	120.3188	159.8342	160.5606	89.2177	142.449	55.3341	371.6695	241.814	41.9924	286.5551	157.335	313.3763	49.8519	314.9176	664.7121	127.8125	105.1697	71.5978	84.8252	280.5152	206.6055	233.7161	60.2542	101.3682	1047.6738	246.7669	83.9848	313.2977	1470.0017	78.3902	35.5931	69.5047	59.9819	79.3653	394.3736	119.1885	116.2488	109.8372	151.0549	430.0401	110.798	207.8538	88.0834	92.0243
70.7666	32.7338	97.9702	212.0036	727.0647	72.8324	79.0317	54.3587	81.6144	225.745	66.2644	42.1153	239.8931	213.8516	51.0084	84.4729	59.6866	82.1394	38.0987	55.2036	72.4204	0	67.2742	41.5994	106.0764	1014.6938	86.5939	47.2634	90.3872	57.2662	63.4838	473.2819	55.1182	51.1614	58.2497	35.6202	178.1326	236.5724	739.3904	111.1795	76.2598	77.1967	32.813	140.4288	104.7592	128.6943	1559.0238	802.4138	1703.5714	145.0335	208.5108	236.2167	38.0601	1099.5255	114.7711	249.6604	48.9347	77.1878	90.6969	79.1424	324.6023	4044.4143	60.3812	46.9215	106.5875	63.0656	1456.1318	2105.7689	81.2933	135.9769	49.8544	177.2203	88.9859	2822.0625
65.327	125.0848	377.2949	195.5828	128.7725	237.7217	4501.46	815.0366	547.6573	205.9197	2721.3906	223.9317	218.4524	239.8127	643.1747	320.6402	4276.007	75.3136	175.3285	493.4455	235.1279	67.1667	0	217.0565	160.5276	60.5556	1087.2682	44.3281	733.927	1081.3633	480.4121	142.6421	2082.6103	385.7101	1441.2373	150.3027	310.7542	209.7476	39.7518	567.1601	890.8068	1682.081	125.7264	281.6347	960.0795	115.5564	96.0544	66.5248	78.2544	240.4655	181.2891	203.2472	174.9106	92.7493	659.4208	213.7106	337.2936	2543.1362	342.0995	72.5643	33.8551	64.6565	56.1118	298.9116	161.5033	282.0543	105.6352	100.1	1802.471	220.8633	658.4247	223.7357	81.1241	84.5851
40.7213	1341.3913	147.8986	103.4453	69.8992	68.0458	170.3061	651.873	279.0603	98.4059	350.5384	16417.1806	95.5289	88.9235	610.9602	78.4686	168.8897	45.3754	8652.4253	1284.0595	67.6751	41.5974	217.2142	0	55.3806	39.65	276.8723	30.0169	174.0565	300.4952	666.5684	75.1255	146.8305	966.0852	443.6144	3041.3247	77.3521	95.044	27.4841	189.0378	374.9763	139.5537	1365.3187	136.9036	119.2964	62.1316	56.4792	41.2927	46.7648	68.4345	84.3709	93.3331	8472.9001	55.0247	105.1901	93.9838	1503.633	153.3562	80.795	44.1185	24.0921	40.3997	36.1923	2114.561	55.5659	172.594	60.5856	58.2326	269.5579	65.5775	300.2041	109.5067	47.975	49.4885
102.3355	42.0345	259.2609	501.7877	259.5699	510.6918	211.4182	91.6221	140.5025	547.9808	121.1642	56.3474	607.641	719.2931	85.1582	826.7943	133.2414	123.1263	50.1076	77.8283	502.1886	106.0619	161.3065	55.5365	0	92.8861	152.3109	63.0395	234.973	99.1389	100.7631	302.6298	117.7985	71.0075	106.4608	46.3405	1200.3613	565.7713	55.2552	216.6306	128.241	203.0233	42.1515	366.259	355.865	221.643	170.846	104.7562	129.5143	1427.4493	442.1004	535.7875	50.0482	162.8181	428.3987	584.5847	67.321	202.9834	2083.9879	117.2646	45.6336	100.9889	84.3627	64.032	7186.2786	99.9049	195.0553	180.8964	139.7545	3815.6164	85.8025	446.1935	135.8663	143.6848
209.8881	31.3851	90.7218	188.5989	296.4676	65.2854	70.4927	51.4167	76.1308	207.4505	62.2782	40.1275	153.201	175.9826	48.3401	75.0306	54.1046	278.7785	36.395	52.1911	64.938	1012.7651	60.5817	39.649	92.7711	0	80.5908	336.1095	83.9777	54.0793	59.7511	278.0122	50.1718	48.4808	54.9785	34.0841	149.2538	205.0688	16887.4204	102.389	71.317	68.9554	31.4594	127.8873	91.7012	277.915	584.3726	362.4512	780.7569	123.7731	137.2331	208.5515	36.359	864.7974	99.7946	158.0225	46.4312	68.9479	80.1859	204.9721	1213.8964	1187.7937	559.3432	44.5745	93.1854	59.3705	595.1451	522.5094	75.8427	116.6692	47.2783	159.3708	162.2488	730.0425
83.9219	148.9794	1157.321	448.7638	203.4449	193.2637	1061.1633	690.1004	2227.0705	401.4452	2011.0007	286.6308	376.3875	323.7208	557.3763	251.6526	665.4363	98.9406	217.0253	736.201	191.3843	86.6491	1204.4148	276.5636	138.8794	80.6488	0	54.081	1865.6315	895.1958	1465.5284	232.432	498.6122	543.7266	1156.7701	182.6223	257.8579	372.2966	47.9013	3246.7293	7583.8342	481.5961	149.8223	916.5308	601.4325	165.1513	140.5035	85.6956	103.6847	200.9024	291.0078	358.1541	216.4426	134.5618	464.0953	363.4795	462.7535	544.011	266.2672	94.7538	40.1167	82.9323	70.5318	400.9977	139.6576	654.1895	158.1549	147.8789	20445.3787	185.9978	569.5545	512.0768	107.9186	113.3496
817.1332	24.5641	59.5232	103.3301	77.195	47.2756	50.3925	37.4733	51.7492	107.7135	43.9392	30.3753	112.1344	103.6853	35.5799	53.0591	40.3589	496.6932	27.931	37.9454	47.0653	47.3073	44.4046	30.0648	63.0811	335.0822	54.1713	0	55.9831	39.0891	42.4636	83.3313	37.8467	35.6672	39.63	26.3907	91.5926	111.0877	412.4985	65.4498	49.0861	49.4788	24.6148	77.636	62.4938	72.8533	66.956	46.935	170.8129	79.289	102.1251	110.9785	27.9072	65.0634	66.888	115.0582	34.3902	49.4743	56.0353	328.2059	1105.3592	45.8461	236.5336	33.2217	63.3082	42.24	72.3396	69.2475	51.5912	75.7053	34.9195	91.4706	243.5116	57.0544
87.537	106.1869	1399.9137	500.7616	218.1297	382.7159	1538.9986	337.8495	837.2842	444.9198	593.7794	179.1741	415.5917	354.519	277.3113	571.7085	483.7275	103.628	144.1229	352.7381	377.2815	90.4513	734.5513	174.3036	232.8293	84.0441	1866.927	55.8903	0	376.8397	539.949	250.5844	378.776	286.9162	439.4504	125.465	547.5814	410.8199	49.3963	4626.2061	1148.2139	1030.2348	106.6838	1081.9631	2253.5497	175.6965	148.6661	89.432	108.7321	388.4953	316.9826	394.3593	143.8149	142.1846	1711.3487	400.5511	255.918	1029.7326	625.6183	99.1322	41.2481	86.4805	73.2805	230.633	234.5731	373.9233	168.0012	156.73	1347.6893	347.895	281.3913	576.3918	113.2954	119.1607
55.756	157.3459	303.6669	182.1669	108.4845	132.1259	626.883	1727.812	500.8415	170.1646	5022.74	310.2843	163.4638	132.9614	2399.6721	163.0595	616.1651	63.4812	232.2179	843.8315	131.0851	57.1905	1082.9792	298.9085	98.747	54.0147	811.2219	38.9771	374.7662	0	813.9692	119.0226	466.9156	609.6886	4510.844	194.1741	159.5873	162.3454	35.211	460.3862	802.3269	424.2668	158.2639	270.8776	320.1122	93.4433	82.9589	56.6906	65.8373	133.2216	138.5006	158.4226	231.5704	80.323	258.6782	159.9104	513.6484	507.7936	170.4193	61.3693	30.292	55.2318	48.488	441.4463	99.204	265.057	90.5373	86.17	1233.9483	125.2701	8099.0773	197.0611	67.9087	70.5238
61.8149	264.9965	401.4107	223.7466	126.2478	121.3637	331.9838	4468.9596	1502.4388	207.3134	1077.122	707.8642	198.2304	178.1729	2371.1446	148.2401	327.9885	70.9447	455.9179	5404.5478	120.4517	63.5014	478.284	667.4044	93.5759	59.7727	1472.5727	42.3931	539.1103	815.4078	0	139.6842	268.6938	2433.0169	1722.8448	353.2233	150.9466	196.7206	38.1158	631.7472	3636.1037	250.3178	267.0683	351.4765	202.1176	107.3803	94.452	62.9132	73.7519	125.0365	164.9764	191.441	454.0666	91.2316	228.8843	193.4402	1710.0525	285.6654	154.5722	68.4376	32.5778	61.1995	53.3311	1285.3565	93.9961	530.6403	103.7781	98.3916	1376.6841	117.8211	814.0285	244.4253	76.2281	79.3657
145.947	54.2675	289.3343	1814.8338	747.9712	161.3576	183.5894	110.3308	209.7914	2609.4668	149.3227	76.4385	2077.8794	1436.056	100.4647	204.4958	119.3606	183.3607	66.5629	112.8924	159.9373	473.2819	142.7805	75.137	302.032	278.1232	232.2137	82.1037	250.3143	119.2738	139.641	0	106.2795	100.9053	122.3811	60.7577	883.8691	2489.5146	236.8619	367.405	187.2774	176.8364	54.4419	598.3768	295.3526	397.9116	1084.6105	150.1735	745.0529	554.3157	1135.6503	2667.1949	66.4706	950.4907	348.7825	1900.4428	94.5865	176.8041	230.1132	172.557	56.7384	143.6104	115.6303	89.0429	304.6488	138.2162	1618.526	1279.671	208.3956	484.9242	97.1724	1061.3536	207.5385	222.8521
53.922	93.4306	235.4532	139.2934	97.9257	163.4396	1094.0565	392.3569	298.3639	145.3405	794.5591	151.2497	152.5622	164.6042	334.0617	207.5121	14764.6664	61.2403	123.9463	276.8433	161.9907	55.2832	2122.7506	147.5024	118.1151	50.3631	472.7068	37.9225	383.5098	471.0922	271.5184	106.8718	0	230.852	561.2671	109.0738	202.4685	147.5593	34.3098	305.8706	416.0362	1391.044	93.8376	187.2954	460.3253	89.2007	75.9329	54.8088	63.3637	164.9671	130.7872	143.7856	123.7032	73.6338	355.7406	149.844	208.5462	1916.1468	218.2819	59.2426	29.5781	53.4244	47.0099	190.0109	118.7191	181.6082	82.5125	78.7262	638.33	153.9372	339.5221	131.3982	65.4222	67.8882
49.8243	325.5746	230.2621	147.3847	92.3591	89.5076	276.4288	2268.9487	545.5713	138.7074	768.1089	1027.887	133.8185	122.773	2758.3651	105.8013	273.4215	56.2656	606.1695	9455.3275	88.9399	51.0267	383.0268	956.2698	70.5598	48.3608	539.3676	35.5296	284.4504	608.1954	2373.4592	100.5068	228.1359	0	1122.6882	450.9617	104.026	132.9992	32.2571	317.3507	853.6238	213.8295	328.4325	208.6961	175.6273	80.5425	72.166	50.608	58.2143	90.104	115.306	130.119	603.2851	70.0408	150.423	131.2125	2641.1659	241.2311	109.5236	54.5129	27.9431	49.3844	43.6864	4530.0264	70.8303	281.3121	78.2326	74.7443	518.8815	85.7412	964.9644	158.0145	59.9213	62.0686
56.6958	205.8597	317.1376	188.1903	111.1525	143.6997	771.3123	6718.1346	947.0118	175.5751	10852.9709	466.508	168.5431	144.6522	3613.1658	179.2602	756.5233	64.6327	326.4534	1856.468	142.5137	58.1684	1443.875	445.1857	106.0245	54.9089	1033.0203	39.5137	436.8306	4619.2151	1755.9521	122.1081	555.808	1146.0271	0	263.4937	175.24	167.3701	35.6687	468.8493	1941.4618	500.2584	207.2572	282.1267	368.1455	95.5541	84.7103	57.6551	67.0566	144.949	142.4158	163.2584	325.3528	81.9882	292.6994	164.8171	902.212	609.8161	187.8072	62.4614	30.6537	56.1579	49.2431	735.4165	106.5352	404.0592	92.546	88.0288	1684.701	135.9004	3844.6689	203.8764	69.1885	71.8816
34.9516	7338.6208	109.4502	80.5491	57.0197	55.6674	123.2188	348.2161	184.2191	77.1199	220.193	1684.77	75.1464	70.5713	332.5922	63.196	122.363	38.5934	2634.6396	545.885	55.3962	35.6412	150.6049	3063.4637	46.2567	34.106	183.0723	26.3657	125.4775	195.3032	353.7177	60.8011	108.7819	455.1897	263.3075	0	62.3981	74.8127	24.2868	134.3744	231.8881	104.195	567.1222	102.5102	91.1207	51.3107	47.0853	35.4016	39.6706	55.9515	67.3804	73.6324	10028.4742	45.9876	81.7285	74.0818	601.0308	112.8491	64.8519	37.615	21.4712	34.6981	31.3564	731.457	46.3967	124.5983	50.1612	48.4027	179.2175	53.857	195.1544	84.6294	40.6054	41.77
169.5144	55.652	648.7574	2555.2477	674.0802	377.6862	467.0589	144.343	261.5342	3206.9365	208.7858	78.81	4294.4452	7509.2759	131.4237	562.3307	237.7772	217.567	68.471	117.2726	372.3644	177.7726	311.4537	77.4454	1192.6536	149.2464	293.4935	91.4024	552.1173	159.8922	166.0748	883.0783	200.9861	104.576	175.5879	62.4108	0	3498.6238	77.8203	500.3486	230.1391	438.6752	55.8333	1270.6227	1141.535	519.0247	347.2247	174.8621	233.3175	6728.4805	1894.2394	3020.9201	68.3744	323.4043	1660.1328	3835.859	97.9017	438.5424	693.8373	203.5268	61.8821	166.567	131.7815	92.0577	1215.0984	164.2088	424.3875	378.2641	259.5674	4133.1202	132.6933	1934.1638	249.454	269.979
224.1052	65.9472	499.3997	19303.7667	1563.3355	245.7331	289.7824	148.6373	327.0067	106166.6018	213.7668	97.0658	151053.1892	13184.7325	133.1365	333.473	169.1427	301.1072	82.9422	152.7268	243.0022	236.9484	210.7947	95.1807	567.8988	204.63	372.8486	110.8728	411.4123	163.0305	197.0205	2464.7977	147.0344	133.8207	168.1076	74.8353	3569.9632	0	92.7653	696.3093	283.0906	276.1429	66.1837	1468.5515	550.1616	920.0964	593.9017	232.4026	329.3143	1457.4527	8343.22	173661.9126	82.812	539.9373	699.5195	114827.9409	124.0907	276.0784	390.0714	278.0427	72.158	219.5614	167.5219	115.6904	574.9246	194.5881	783.073	667.3229	324.2228	1165.2837	128.0526	4315.5984	355.2256	391.3333
245.6335	22.6664	52.2672	86.7683	251.6003	42.1487	44.7468	33.8665	45.8725	90.097	39.3492	27.7532	93.4337	87.0388	32.2459	46.9568	36.323	335.679	25.6232	34.2694	41.9728	740.9996	39.7409	27.4834	55.1632	17259.0017	47.8751	413.584	49.3669	35.244	38.1049	237.2484	34.1853	32.3207	35.704	24.2738	77.7532	92.6455	0	57.081	43.6598	43.9869	22.7111	66.8255	54.6864	290.3013	462.0113	301.9499	594.092	68.1323	85.8498	92.563	25.6023	648.3521	58.2416	95.6295	31.2238	43.9832	49.4099	239.3625	1912.2159	846.3359	741.0572	30.2172	55.3474	37.9158	469.4642	418.6687	45.7417	65.2947	31.6789	77.6586	185.7703	560.7241
107.1777	113.0001	4895.4805	909.0151	309.8614	290.4498	713.6847	381.1745	1991.5004	772.3756	777.3612	194.8358	704.3577	570.7534	317.5572	407.3359	374.9851	129.6122	155.1929	399.1865	286.909	111.1855	565.1166	189.2914	193.5396	102.4069	3239.2575	65.2954	4610.9141	462.7381	632.6411	367.3643	302.7423	320.2142	471.9269	134.3444	420.5589	693.5372	57.0886	0	1374.4361	544.1374	113.5476	3012.818	789.8599	238.9334	196.2689	109.7808	136.8829	304.9756	493.8734	656.6937	154.8472	186.3328	955.6894	670.4584	283.6281	543.9517	438.7289	123.2692	46.9907	105.7308	87.9328	254.0853	194.8462	617.7805	226.586	208.7903	2106.714	276.8419	298.2121	1109.6672	143.446	151.966
74.0114	184.1037	708.86	330.8959	166.2833	158.8179	532.7488	1190.6283	6776.5544	301.0773	1593.0115	392.2572	284.9574	250.2707	855.365	200.828	524.4221	86.2454	282.888	1300.4966	157.4322	76.2497	871.3545	375.9295	117.7927	71.315	7425.8547	48.9807	1132.3972	822.4268	3657.266	187.2085	406.3435	867.874	1942.6105	231.9195	205.1837	282.3029	43.6591	1368.4083	0	371.8136	185.2768	592.0352	305.0766	137.863	119.0481	75.4677	90.0649	164.4247	228.1288	273.0757	282.0075	114.4454	340.3918	276.5595	705.808	439.0965	211.0555	82.8572	36.8778	73.1974	62.9073	589.846	118.3945	1053.0285	132.5667	124.7239	6102.6787	153.4507	797.5058	369.6207	93.4563	97.7834
74.8278	89.5242	555.7794	253.4484	157.6023	2430.978	4433.2865	357.2086	275.1938	269.0297	692.4826	143.056	288.1859	321.5	306.5385	455.079	2351.0128	87.2826	117.9114	256.1744	314.122	77.105	1683.597	139.6182	202.0956	68.9585	482.1652	49.4091	1032.1405	424.7043	251.4531	176.7945	1366.3972	215.1913	500.8033	104.116	438.105	274.8499	44.017	544.8932	377.6168	0	89.9049	389.1368	1955.0842	139.669	113.8549	76.3096	90.993	322.5313	232.2305	264.9823	117.6861	109.5584	1146.469	280.904	195.14	30230.7025	492.5338	83.8312	37.1527	73.9998	63.5405	178.3853	203.4935	170.7609	126.4386	119.1451	564.907	291.9041	311.3129	233.7289	94.6323	99.0455
32.1727	392.6349	93.8611	70.7069	51.176	50.0322	104.612	262.4591	150.4209	67.9015	176.2408	915.3204	66.281	62.5067	252.3516	56.3691	103.9486	35.3617	795.0086	382.4192	49.8025	32.7783	125.5233	1363.7448	42.0009	31.4289	149.5849	24.5584	106.3596	158.463	265.9936	54.3614	93.3349	329.0651	206.192	565.9604	55.701	66.0065	22.6928	113.203	184.4663	89.7122	0	88.3766	79.2747	46.33	42.7133	32.5679	36.3008	50.2728	59.8595	65.0347	790.6094	41.7694	71.6687	65.4049	413.651	96.5308	57.7529	34.5072	20.1512	31.9498	29.0014	484.3137	42.1212	105.6798	45.3486	43.8437	146.7664	48.4969	158.3556	74.028	37.1141	38.1253
134.6228	87.9718	6423.5547	2233.5197	479.4533	318.665	411.8268	239.6023	734.545	1719.2289	391.4918	139.8457	1491.4718	2685.6587	207.7824	455.8879	217.9093	167.3324	115.532	248.2664	314.5774	140.3627	281.5158	136.5267	363.1657	127.8485	906.8642	77.4052	1069.2265	270.6019	349.5348	597.58	185.6068	209.1522	281.8756	102.1537	1256.1068	1456.8287	66.8118	2964.1314	588.4813	388.4229	88.3422	0	931.9381	346.228	272.604	138.3456	178.2311	722.1599	890.9176	1342.1498	115.3138	256.1548	1149.8867	1384.4279	189.948	388.313	493.4489	157.942	54.0747	132.5615	107.6932	173.8674	366.6582	343.6099	324.4222	293.7081	724.7603	618.9964	197.6925	3146.4014	188.1926	201.3003
101.035	79.4458	1751.8117	486.5037	254.0587	681.781	2322.8473	278.3706	355.0386	530.4693	487.6912	122.676	587.0993	692.6438	243.5082	1219.341	603.8938	121.3931	102.6561	207.7613	668.4708	104.6871	976.8454	119.9664	354.1443	91.7672	606.483	62.4269	2314.4058	323.2901	204.3497	295.6395	458.9337	177.7712	372.0867	91.4627	1142.1248	547.3739	54.7561	790.6236	305.3656	1999.5595	79.762	937.0254	0	217.3285	167.9645	103.4075	127.6395	696.0597	429.5338	518.8742	102.4748	160.1439	10476.5164	565.234	162.7717	1998.1477	1401.8295	115.6578	45.2629	99.7148	83.3992	150.0598	357.5022	206.8653	191.5163	177.7477	411.8345	598.4226	246.8372	433.4465	133.8469	141.4822
123.6078	46.2033	197.0018	726.1837	341.2325	128.6358	144.0576	87.2942	151.3395	825.5741	113.514	63.0201	937.0162	731.4257	80.3857	158.2276	98.3776	152.0006	55.633	89.0685	127.6374	128.6254	115.4442	62.0555	220.6918	277.4759	164.6348	72.6753	175.1143	93.455	107.1535	408.767	88.6132	80.697	95.5743	51.2145	517.1718	910.6182	290.1425	238.2641	137.6126	139.4135	46.339	345.3389	216.5855	0	252.4566	126.864	1111.5782	361.8958	710.4566	907.7148	55.5631	946.1031	248.8247	1028.0362	76.2107	139.3913	175.1852	143.8979	51.3466	121.8023	1128.3329	72.2311	222.2957	106.2092	298.1533	271.135	150.5003	325.4291	78.0529	516.6463	169.8699	181.0094
97.8314	42.6484	165.3388	513.858	2058.5563	105.9606	117.2534	77.9538	129.9721	609.2405	99.6346	57.3188	548.7009	455.9779	72.1402	127.4496	83.1506	117.1397	50.9159	79.4397	105.2225	1558.9422	96.1281	56.4862	170.5981	584.7129	140.402	60.9054	148.5442	83.1011	94.4277	1084.5642	75.5843	72.403	84.8638	47.0558	347.4014	596.5659	460.9076	196.281	119.0807	113.8745	42.7682	272.8329	167.8431	207.5499	0	120.9921	10341.2532	259.6061	401.4083	615.1636	50.8551	7106.8473	189.1886	525.6184	68.6048	113.8583	139.4415	111.7106	44.3382	746.9598	81.0175	65.2187	171.6704	93.6522	12174.4447	37091.1522	129.3095	237.5793	70.1669	386.3791	128.9018	170.872
70.0863	32.5287	96.8425	208.2655	137.4097	72.1211	78.224	53.9073	80.7653	221.6245	65.6502	41.8118	235.3664	210.0628	50.5995	83.5771	59.1646	81.282	37.8391	54.7412	71.7152	803.1312	66.6454	41.3016	104.8004	363.0458	85.663	46.9003	89.3922	56.7767	62.9092	152.8431	54.6571	50.7507	57.7472	35.3863	175.2792	232.1414	301.7069	109.8072	75.4958	76.4179	32.6072	138.4561	103.5077	126.972	121.0308	0	84.3808	142.96	204.8677	231.7961	37.8008	116.3094	113.329	244.8448	48.5513	76.4092	89.6965	78.3329	175.4084	692.8454	59.8497	46.5625	105.3019	62.4969	134.9132	126.8567	80.4494	134.1004	49.4598	174.3894	88.0147	2619.8296
445.6486	36.2709	118.9616	288.5488	1333.4114	85.475	93.4801	62.3739	97.1603	311.1739	77.3236	47.4206	334.5111	289.7898	58.2386	100.5858	68.8298	700.585	42.613	63.4216	84.9464	1717.378	78.3817	46.8003	129.5147	785.3719	103.7262	171.0938	108.7706	65.9885	73.7972	748.8223	63.1534	58.4267	67.2166	39.6715	233.8178	329.1607	595.1178	137.0523	90.1706	91.1002	36.3639	178.5947	127.7187	1123.4709	10573.3325	84.536	0	184.4524	284.7916	328.5657	42.5669	14879.2692	141.4725	352.2077	55.695	91.0888	108.8041	429.9031	282.175	743.1922	2804.7658	53.238	130.2126	73.2687	3904.1594	7850.9207	96.739	171.3703	56.8217	233.6664	305.1761	111.5596
139.1461	50.3525	450.0076	1192.4388	450.7406	286.2077	342.7582	122.1158	204.1059	1378.6516	170.3565	69.8402	1644.8605	2232.413	112.0977	400.164	191.2324	173.7032	61.2174	100.9731	282.7469	145.1937	242.3375	68.7088	1422.9285	124.0978	225.5615	79.3014	394.1392	134.0096	136.6133	557.3516	164.6581	90.8484	145.8449	56.1061	6919.0377	1454.8677	68.3169	353.8935	182.5078	325.1012	50.5076	733.5113	703.1477	364.7263	260.5404	143.0678	184.7192	0	975.2141	1327.8678	61.1362	245.1947	928.8191	1538.3593	85.4682	325.018	789.1609	163.759	55.155	136.9763	110.8781	80.7229	1452.5273	135.2362	308.6556	280.1791	202.7685	6001.0256	113.0878	989.3272	195.8591	209.8245
197.5482	59.6662	372.3557	4110.4766	868.988	208.0895	241.6756	127.274	258.3684	5891.1225	177.0752	85.7976	8877.0877	4176.6254	115.0193	274.2375	147.6172	259.7246	74.0545	130.4793	205.9805	208.0675	180.8545	84.2406	438.4859	192.662	289.7069	101.7266	315.4627	138.5057	164.511	1191.7811	129.5979	115.5638	142.4358	67.228	1872.3673	8045.1068	85.7954	491.6822	227.5437	231.3608	59.8684	886.7305	426.594	708.4542	533.1927	204.3522	282.908	959.352	0	7958.9806	73.9453	487.3814	524.4146	12587.6612	107.7873	231.3118	315.4137	241.3179	67.4094	193.8114	150.4076	101.0155	443.1749	162.6729	690.9026	594.9134	256.4385	801.8348	110.9623	1872.096	302.2437	330.1254
224.2093	64.8214	473.6988	13311.8655	1455.9302	237.269	278.8677	144.6723	313.6106	42404.7947	206.8136	95.0159	53296.3935	9760.0015	129.7928	319.9186	164.3904	301.2739	81.3355	148.5918	234.6828	237.062	204.1154	93.1922	537.16	207.3819	356.453	110.9079	392.3356	158.4561	190.8906	2602.2916	143.2074	130.4499	163.3111	73.4656	3068.7887	173251.778	92.7919	653.5211	272.3645	266.0092	65.0515	1334.979	520.8843	921.0384	608.5152	232.5139	329.5059	1327.7249	8372.8272	0	81.2094	552.5179	657.208	116607.3369	121.092	265.9483	372.8157	278.1885	72.1758	219.6633	167.588	112.9998	543.6003	188.5747	805.6319	684.8647	311.002	1072.9864	124.9044	3639.1589	355.4412	391.5817
37.3281	2547.9086	124.2194	89.5608	62.2011	60.6539	141.1101	447.1001	218.6642	85.5234	266.3658	3311.5037	83.2075	77.8596	424.1542	69.3033	140.0528	41.3751	6646.5976	757.9656	60.344	38.0925	175.3922	8625.3699	49.9677	36.3918	217.1679	27.8856	143.9029	233.2119	455.2376	66.5425	123.4056	610.6431	325.3546	9666.4503	68.3827	82.8164	25.6214	154.966	282.1722	117.8353	793.6115	115.7966	102.1094	55.6889	50.9028	37.8268	42.5769	60.9787	74.1481	81.4345	0	49.6644	90.9531	81.9604	851.4034	128.367	71.2173	40.2854	22.5694	37.0472	33.3568	1084.0085	50.1256	142.8149	54.3839	52.3919	212.1456	58.5869	233.0147	94.3857	43.6214	44.9247
94.4259	41.7054	157.694	470.4866	1082.2516	102.1091	112.7505	75.5558	124.6945	553.0607	96.1318	55.8283	500.7824	419.8244	70.013	122.3294	80.5012	112.6438	49.6751	76.9708	101.412	1099.277	92.814	55.0291	162.576	865.2534	134.458	59.2682	142.0613	80.4542	91.2037	950.2644	73.298	70.2639	82.1299	45.9575	323.5273	542.1509	646.3829	186.3298	114.4691	109.5704	41.821	256.3394	160.02	949.605	7102.5108	116.2659	14472.2665	244.3208	371.639	558.1527	49.6165	0	179.7838	480.7313	66.6366	109.5551	133.5605	107.5317	297.8409	554.9184	1951.3464	63.3988	163.5712	90.4687	7654.6792	4693.6211	124.0733	224.2381	68.1289	358.2942	123.6914	162.8301
110.3735	71.4928	2368.638	606.5907	295.3343	1087.4077	1271.7798	226.4307	399.3402	669.1741	369.744	107.3557	751.4366	909.684	200.8857	2416.9413	443.3213	133.9215	90.9405	174.0819	1059.9776	114.5711	658.3874	105.152	425.1991	99.7758	462.7351	66.7635	1723.4644	258.5567	228.5526	348.4922	350.9431	151.0694	292.5431	81.6207	1653.6755	693.5372	58.2778	953.6482	340.1237	1141.234	71.7608	1152.8235	10217.8548	249.3544	189.0797	113.0994	141.2177	914.9116	527.2101	652.5598	90.7902	179.6973	0	719.4519	139.3624	1140.6448	2976.7182	127.251	47.8672	108.8591	90.2746	129.3322	429.6678	225.4894	217.6143	200.8815	319.5855	768.1156	203.3503	532.6035	148.5004	157.5009
236.1403	65.2965	484.3698	15445.9585	1353.8043	250.1223	295.467	146.3382	319.2013	36511.2674	209.7261	95.8794	163498.3306	15642.1087	131.1987	340.5555	171.5892	320.3232	82.0128	150.3283	247.3153	250.0929	214.2468	94.0299	584.2312	158.3412	363.2836	114.8382	400.2742	160.3768	193.4607	2051.5934	148.9988	131.8669	165.3246	74.0432	3868.5971	103985.7352	95.7607	671.2033	276.8474	281.4125	65.5292	1389.3726	565.6999	1043.0913	545.3967	245.1514	353.048	1529.5317	13095.9616	99455.8667	81.8848	497.985	722.1906	0	122.3529	281.346	399.128	294.9763	74.1761	231.2129	175.1211	114.1319	591.5756	191.0962	709.2362	609.4055	316.52	1215.9146	126.2284	3905.0123	380.2073	420.469
47.808	412.6526	209.252	136.7344	87.1505	84.5438	248.7103	1644.24	468.4265	128.9998	639.6706	1663.1732	124.6289	114.7176	1244.7282	99.3867	246.1584	53.834	856.2858	6360.6633	84.0241	48.9349	337.6634	1514.0774	67.115	46.435	463.5314	34.3327	255.5051	517.4531	1707.136	94.5775	207.4197	2722.8002	897.7435	601.6729	97.7755	123.8955	31.2261	283.1948	703.4425	195.0545	416.7916	190.602	161.7118	76.3211	68.6	48.5426	55.6518	85.0893	107.9879	121.3146	851.3478	66.6349	139.4358	122.295	0	218.6833	102.7601	52.1969	27.1172	47.3953	42.0399	1593.2857	67.3652	252.8488	74.1957	70.9806	447.3155	81.0944	516.774	146.1699	57.2422	59.2404
74.7912	96.3318	554.9469	253.2035	157.4854	317.8528	9716.4049	420.342	316.4826	268.7609	880.8965	157.4425	287.8867	321.1452	355.7365	454.4693	3666.063	87.2361	128.4719	292.9356	313.7798	77.0667	2547.9525	153.4551	201.9235	68.9262	510.3482	49.3899	1029.9569	508.529	287.1248	176.6548	1876.1167	242.9246	610.7662	112.7743	437.5304	274.572	44.001	544.086	446.751	30531.3617	96.7586	388.6591	1949.1783	139.5722	113.7845	76.2719	90.9434	322.1747	232.0168	264.7198	128.2144	109.4921	1143.8971	280.6165	218.8265	0	491.8442	83.7875	37.1404	73.9638	63.5121	198.8866	203.3196	189.8722	126.3557	119.0696	699.128	291.5989	361.764	233.5119	94.5796	98.9888
87.663	57.6324	747.7701	351.7607	201.5245	1517.5514	525.2478	153.2635	238.2467	377.9794	224.82	82.2364	410.9041	469.9608	139.1131	4198.312	257.5003	103.7919	71.216	123.693	1471.6217	90.5836	341.8101	80.7786	2105.5083	80.1937	265.7515	55.9529	628.3544	170.3844	154.4167	230.0708	216.0776	109.9322	187.762	64.783	694.7099	387.9045	49.4479	438.2489	210.967	491.2774	57.824	494.387	1391.1806	175.5635	139.424	89.5619	108.6688	787.9979	316.8584	371.1225	71.1135	133.5525	2919.5312	398.3002	102.7278	491.119	0	99.2848	41.287	86.6041	73.3757	96.4364	1269.112	152.7508	156.8573	146.71	201.1016	1504.6164	140.5001	319.2908	113.4837	119.3644
1663.0829	34.4448	107.7505	245.9783	156.6357	78.922	85.9691	58.1813	88.9173	263.4925	71.5025	44.665	281.6927	248.3106	54.4636	92.1885	64.1219	5113.2809	40.2742	59.1209	78.4552	79.1052	72.64	44.0998	117.1859	205.2538	94.6214	328.2328	98.9844	61.4189	68.3764	175.6883	59.0261	54.6331	62.5164	37.5758	203.7447	277.3155	239.8645	123.1587	82.813	83.8786	34.5305	157.869	115.6483	143.8512	127.3122	78.2775	428.7639	163.405	241.5864	276.8599	40.2319	122.2079	127.3776	294.1501	52.1695	83.8685	99.3412	0	159.3609	75.8749	768.2374	49.9477	117.7829	67.9069	142.3717	133.6229	88.5504	152.5344	53.1864	202.6193	6843.7398	102.0095
278.2066	20.1651	43.5253	68.3168	53.9995	35.8016	37.8078	29.2902	38.6721	70.6014	33.6211	24.3593	72.8748	68.5031	27.9939	39.5015	31.2407	208.2478	22.6137	29.6113	35.6652	322.7483	33.9273	24.139	45.6936	1201.991	40.2019	1110.3757	41.3357	30.386	32.6452	57.4767	29.5442	28.054	30.7508	21.5001	62.0418	72.3393	1891.6732	47.1197	36.9705	37.2227	20.2023	54.2521	45.3378	51.4921	48.0195	174.6305	280.0121	55.1949	67.6833	72.2831	22.5965	296.417	47.979	74.3619	27.1725	37.2199	41.3682	159.5973	0	350.4647	127.3833	26.3604	45.8309	32.4967	51.1928	49.3783	38.5717	53.1437	27.5387	61.9753	130.0251	269.5235
67.9777	31.886	93.368	196.9742	131.4522	69.9171	75.7254	52.5022	78.1402	209.2039	63.7443	40.8636	221.7444	198.6225	49.3255	80.8096	57.5419	78.6308	37.0267	53.3022	69.5305	4004.8933	64.6947	40.3713	100.8762	1181.0573	82.7878	45.7675	86.3218	55.2542	61.125	145.8246	53.2215	49.4708	56.1841	34.654	166.6158	218.8046	838.9504	105.5898	73.1305	74.0077	31.9621	132.4286	99.6579	121.6965	744.1313	689.7456	736.3784	136.6275	193.8588	218.4906	36.9896	553.0404	108.9016	230.3729	47.3562	73.9994	86.6097	75.8289	351.1846	0	58.1977	45.4423	101.3486	60.7307	129.1211	902.6555	77.8401	128.3624	48.23	165.7929	85.0171	2104.5965
814.1914	29.018	78.912	153.4914	107.4134	60.4282	65.0323	46.4022	67.0577	161.6802	55.5765	36.6859	170.0749	154.1501	43.7735	69.0257	50.4589	1593.1592	33.4286	47.0617	60.1201	60.4747	56.2485	36.2695	84.4774	564.4254	70.7059	237.5228	73.4616	48.6662	53.4562	117.8116	46.9236	43.8941	49.4286	31.3997	132.2174	168.0753	749.7985	88.231	63.0942	63.6755	29.0837	108.1521	83.5526	1146.5574	90.6383	59.9294	2829.4304	110.9328	151.2637	167.8665	33.397	1983.2247	90.529	175.7006	42.1354	63.6689	73.5414	774.3584	127.5867	58.3397	0	40.5368	84.8356	53.1361	99.3691	94.3298	66.8212	104.928	42.863	132.0011	488.7795	75.1018
45.9164	479.8755	191.0885	127.2391	82.3871	79.9974	225.0984	1251.6924	407.0466	120.3132	541.8601	5361.7764	116.3883	107.4585	1140.9958	93.5596	222.913	51.5628	1079.9121	3696.5653	79.5205	46.9741	300.1603	2100.5663	63.9261	44.6265	403.1139	33.1977	230.9081	446.1964	1292.6331	89.1771	189.4974	4532.5003	735.9795	726.2953	92.0927	115.729	30.2458	254.4487	590.7615	178.732	485.1191	174.8432	149.445	72.4355	65.3019	46.606	53.2614	80.4978	101.3708	113.4072	1072.8269	63.4812	129.6524	114.2893	1596.9203	199.2618	96.6272	50.0312	26.329	45.5289	40.4885	0	64.158	228.6385	70.4752	67.5049	390.0408	76.8294	445.6573	135.6556	54.7458	56.6086
102.7963	42.1494	261.2266	507.3077	261.5405	399.1011	212.8476	92.0097	141.2578	554.3157	121.764	56.5289	615.0822	728.9875	85.5042	602.594	133.9367	123.7413	50.2588	78.1289	393.3013	106.5489	162.244	55.7141	7119.4467	93.2822	153.1681	63.2559	236.6598	99.5774	101.2129	305.1344	118.3721	71.2679	106.9506	46.4744	1221.9729	572.4307	55.4314	218.1164	128.8959	204.366	42.267	369.6337	359.0911	223.1818	171.8715	105.2341	130.1798	1455.7836	446.6261	541.9033	50.1992	163.7694	432.7071	591.5891	67.5608	204.3256	1261.0582	117.8342	45.7642	101.4402	84.7034	64.2535	0	100.3487	196.3165	182.0169	140.5035	7437.2509	86.1525	450.7878	136.5835	144.4669
61.2628	105.4656	391.3452	219.6767	124.5733	119.7887	212.7698	333.4896	2275.6615	203.6976	372.9604	177.5468	194.8573	175.3143	281.3347	146.0914	210.7676	70.2608	142.9629	348.0761	118.8951	62.9258	280.9971	172.7446	92.5245	59.2488	655.979	42.086	372.325	269.6995	530.9217	137.7249	180.0338	283.5337	406.2357	124.5304	148.7367	193.3874	37.8555	611.4577	1055.8774	170.082	105.9572	343.2819	205.8684	106.078	93.3853	62.3458	73.0255	123.3868	162.4396	188.2455	142.6588	90.2206	224.6686	190.1928	253.086	189.0378	152.2794	67.7909	32.374	60.656	52.8923	228.2237	92.9371	0	102.5434	97.2547	611.3771	116.3169	265.2671	239.7576	75.4634	78.5515
107.7084	45.2803	188.3233	662.2568	1902.1654	117.1863	130.4606	84.8225	145.5584	807.0037	109.8049	61.5272	714.4213	577.4614	78.2099	142.5524	90.7652	130.3267	54.4022	86.5187	116.3226	1456.682	105.7314	60.5978	194.7776	595.6454	158.0525	65.5404	167.8753	90.7085	103.7602	1619.1747	82.1228	78.5082	92.731	50.1318	424.7205	787.414	468.4422	226.6365	132.6201	126.476	45.4118	324.7844	191.3944	240.789	12191.5309	134.8826	3857.5246	307.4943	499.6453	816.1954	54.3347	7668.0928	217.7821	679.7745	74.2072	126.4569	156.8977	123.9294	47.1373	129.3196	88.3225	70.3872	196.0973	102.8623	0	25720.7317	144.7681	279.0072	75.974	478.5848	144.2825	195.1144
102.1283	43.8118	175.1886	573.974	2965.4085	110.8347	122.9724	80.9575	136.7019	688.3349	104.0572	59.1702	615.5179	505.5935	74.7989	133.9745	86.4758	122.8503	52.4527	82.5341	110.0428	2120.608	100.3079	58.2954	180.949	524.493	148.0056	62.9422	156.8573	86.4234	98.4915	1286.4892	78.4456	75.077	88.2978	48.4134	379.494	673.0218	418.921	209.211	124.9411	119.3358	43.9366	294.6599	177.931	221.6781	38430.0224	127.0018	7818.3441	279.7722	441.8517	695.5031	52.3889	4748.3152	201.3842	587.9681	71.0611	119.3183	146.9635	117.0085	45.5747	910.4947	84.2093	67.4871	182.1253	97.6632	26416.3638	0	135.9855	255.0919	72.7118	424.4224	135.5446	181.25
79.0139	146.2703	903.5349	386.2841	184.4905	152.3131	898.6241	922.3596	1988.1301	348.5731	3515.3617	279.165	328.3911	285.4628	716.4621	191.4922	879.8923	92.6245	212.1729	704.1804	151.0147	81.4945	1800.9125	269.501	128.2763	76.0312	13238.9036	51.5815	1358.9908	1251.041	1373.3645	209.2369	630.6313	523.6542	1712.3867	178.9085	230.717	325.0817	45.8276	2134.9117	6613.5029	563.3849	147.0899	736.2137	406.6998	151.3449	129.7107	80.6276	96.8994	182.3063	258.4254	313.6089	211.6103	124.4574	319.4062	317.9349	447.103	696.7507	200.9777	88.8425	38.5388	78.1128	66.7726	388.4533	128.9638	617.2413	145.2295	136.2103	0	169.4566	734.5197	435.9759	100.7049	105.5738
130.3501	48.5089	397.6278	968.2846	398.2322	438.0994	308.0391	114.9142	188.312	1101.1365	158.3701	66.7879	1285.4772	1672.3238	105.7819	678.1837	176.9324	161.3552	58.7258	95.5935	431.3965	135.8059	221.8244	65.7324	3813.6425	116.7162	207.1694	75.5901	351.2546	125.7059	128.0613	485.0927	153.2789	86.2745	136.3926	53.9279	4155.8648	1154.5707	65.3667	317.4548	169.1914	293.0561	48.6553	624.5045	600.8093	326.5853	237.6391	133.8895	171.1557	5988.7123	808.7015	1065.2506	58.6498	224.3116	773.9201	1212.4757	81.3041	292.9853	1512.2867	152.4746	53.0334	128.3899	104.6674	76.9087	7408.4642	126.8158	279.0351	254.6035	187.1321	0	106.6863	819.2308	181.0279	193.3511
48.7544	157.5141	218.8925	141.664	89.5786	112.0589	432.7403	1734.8711	502.9779	133.4976	1871.852	310.769	128.8892	112.7049	4232.8163	135.6212	426.7076	54.974	232.5265	846.1392	111.2533	49.9165	665.8639	299.3659	85.7654	47.3392	532.0801	34.8961	281.833	8259.4821	816.1508	97.3382	339.3592	972.8826	3890.3824	194.4075	133.012	128.1164	31.7118	298.747	806.7845	313.1139	158.4336	198.922	246.1722	78.2923	70.2673	49.5119	56.8528	112.906	111.3887	125.3984	231.8776	68.2281	204.5009	126.4305	514.7123	363.9479	141.125	53.2831	27.5067	48.3291	42.8136	442.2864	86.1322	265.8486	76.0815	72.7396	734.8479	106.7365	0	151.6455	58.4975	60.565
169.5291	74.0511	735.1701	10571.3181	794.2312	189.2244	218.0033	179.0321	440.5319	5976.7697	269.246	112.2113	4541.8775	2643.0219	158.5023	245.5729	136.4305	217.5897	94.6781	184.5103	187.405	177.7892	165.612	109.8512	380.3588	159.8781	514.9154	91.4083	579.7145	198.4255	245.4539	1070.2354	120.4272	159.4006	205.342	84.7728	1379.5611	4348.4914	77.8247	1121.943	371.9818	209.203	74.3344	3218.832	370.8157	521.8643	388.2219	174.8782	234.1318	773.2224	1912.2159	3749.3032	94.5181	359.9738	448.4303	3963.0887	146.6956	209.1603	280.0022	203.5473	61.8853	166.5814	131.7919	135.8486	384.1131	242.0319	481.0475	425.3229	436.1074	658.9784	151.8508	0	249.4821	270.0095
846.5563	37.0676	124.1179	309.5166	186.7695	88.8132	97.3239	64.2398	100.9079	334.7631	79.9395	48.6338	361.3982	312.8568	59.9138	104.9006	71.2032	1686.6125	43.6389	65.337	88.2521	89.0332	81.2941	47.9887	135.9455	161.7339	107.8805	242.1953	113.2478	68.0272	76.2279	212.0764	65.2262	60.1105	69.3153	40.5884	250.213	354.9553	185.2311	143.4995	93.5025	94.7909	37.1638	188.3922	134.0092	170.0613	148.7828	88.0386	302.6203	195.7048	303.2454	354.286	43.591	142.2935	148.8661	379.8617	57.2568	94.7787	113.6877	6915.2942	129.3524	85.1578	481.8838	54.6928	136.6982	75.672	168.1424	156.8573	100.4611	181.3854	58.4333	248.6636	0	116.9858
89.8478	38.089	130.9772	338.8485	199.808	92.8547	101.9938	66.6652	105.8524	367.8254	83.3625	50.199	398.5726	342.6966	62.087	110.1575	74.0555	106.6404	44.9588	67.828	92.2536	2838.6437	84.809	49.5213	143.8681	733.2218	113.3756	57.0335	119.181	70.6816	79.4039	228.034	67.7105	62.2949	72.0493	41.7663	271.0976	391.2695	561.0142	152.1307	97.8862	99.2703	38.1894	201.686	141.7538	181.3562	171.0834	2630.0723	111.3953	209.8281	331.6217	390.4906	44.9087	163.0389	158.0145	420.3473	59.2802	99.2572	119.6577	102.1586	271.3513	2129.6629	75.0286	56.5755	144.6903	78.8113	195.3472	181.1559	105.371	193.9016	60.5226	269.3424	117.0294	0
